id,unit_amount,invoice,quantity,product
ii_1OMyfVIo6jaRQtI8ap5gFHSn,"150,00",in_1OMyfVIo6jaRQtI8wMPkWN7G,1,prod_PBJHrkOBiqsiMH
ii_1OMyfVIo6jaRQtI83k2KZQIx,"100,00",in_1OMyfVIo6jaRQtI8wMPkWN7G,1,prod_PBJDVICHUNfwcI
ii_1OMyfSIo6jaRQtI8pB0i1lbS,"300,00",in_1OMyfRIo6jaRQtI8n8i55wwT,1,prod_PBJCEWAWkv2XEs
ii_1OMyfRIo6jaRQtI8xc7eYpvr,"100,00",in_1OMyfRIo6jaRQtI8n8i55wwT,1,prod_PBJDVICHUNfwcI
ii_1OMyfOIo6jaRQtI81YSXk2bT,"150,00",in_1OMyfNIo6jaRQtI89yHvAgcx,1,prod_PBJHrkOBiqsiMH
ii_1OMyfNIo6jaRQtI8at9C6554,"150,00",in_1OMyfNIo6jaRQtI89yHvAgcx,1,prod_PBJHrkOBiqsiMH
ii_1OMyfKIo6jaRQtI83FJsphe2,"150,00",in_1OMyfJIo6jaRQtI8VhKiLYPH,1,prod_PBJHrkOBiqsiMH
ii_1OMyfJIo6jaRQtI8FmXMGgrx,"150,00",in_1OMyfJIo6jaRQtI8VhKiLYPH,1,prod_PBJHrkOBiqsiMH
ii_1OMyfGIo6jaRQtI8kDghdP2M,"300,00",in_1OMyfEIo6jaRQtI805RA82Xe,1,prod_PBJCEWAWkv2XEs
ii_1OMyfFIo6jaRQtI8ygtxgoho,"300,00",in_1OMyfEIo6jaRQtI805RA82Xe,1,prod_PBJCEWAWkv2XEs
ii_1OMyfFIo6jaRQtI8uckgsF6o,"150,00",in_1OMyfEIo6jaRQtI805RA82Xe,1,prod_PBJHrkOBiqsiMH
ii_1OMyfBIo6jaRQtI8SQiM75xf,"300,00",in_1OMyfAIo6jaRQtI8WQjMEyIe,1,prod_PBJCEWAWkv2XEs
ii_1OMyfBIo6jaRQtI8zE6j7NZq,"100,00",in_1OMyfAIo6jaRQtI8WQjMEyIe,1,prod_PBJDVICHUNfwcI
ii_1OMyfAIo6jaRQtI8lFU95MvU,"300,00",in_1OMyfAIo6jaRQtI8WQjMEyIe,1,prod_PBJCEWAWkv2XEs
ii_1OMyf6Io6jaRQtI80smTsrU0,"100,00",in_1OMyf6Io6jaRQtI8vsktETIu,1,prod_PBJDVICHUNfwcI
ii_1OMyf6Io6jaRQtI8bex5CuNZ,"100,00",in_1OMyf6Io6jaRQtI8vsktETIu,1,prod_PBJDVICHUNfwcI
ii_1OMyf2Io6jaRQtI8VFbF0tul,"300,00",in_1OMyf1Io6jaRQtI8G3D1zzCS,1,prod_PBJCEWAWkv2XEs
ii_1OMyf2Io6jaRQtI8lQOnxbHn,"100,00",in_1OMyf1Io6jaRQtI8G3D1zzCS,1,prod_PBJDVICHUNfwcI
ii_1OMyf2Io6jaRQtI81z19kvPX,"300,00",in_1OMyf1Io6jaRQtI8G3D1zzCS,1,prod_PBJCEWAWkv2XEs
ii_1OMyeyIo6jaRQtI8K9s1mviJ,"300,00",in_1OMyewIo6jaRQtI8JMsDnaqj,1,prod_PBJCEWAWkv2XEs
ii_1OMyexIo6jaRQtI8u3ZaTqGR,"300,00",in_1OMyewIo6jaRQtI8JMsDnaqj,1,prod_PBJCEWAWkv2XEs
ii_1OMyexIo6jaRQtI8rabyYuIw,"150,00",in_1OMyewIo6jaRQtI8JMsDnaqj,1,prod_PBJHrkOBiqsiMH
ii_1OMyetIo6jaRQtI8pbHAEt16,"100,00",in_1OMyesIo6jaRQtI8xiFE45WS,1,prod_PBJDVICHUNfwcI
ii_1OMyetIo6jaRQtI8ndOGJDeL,"150,00",in_1OMyesIo6jaRQtI8xiFE45WS,1,prod_PBJHrkOBiqsiMH
ii_1OMyepIo6jaRQtI8RN0ZQYjp,"150,00",in_1OMyeoIo6jaRQtI8KUcUxIwZ,1,prod_PBJHrkOBiqsiMH
ii_1OMyepIo6jaRQtI8CqZipu99,"100,00",in_1OMyeoIo6jaRQtI8KUcUxIwZ,1,prod_PBJDVICHUNfwcI
ii_1OMyeoIo6jaRQtI8swVZeZZl,"100,00",in_1OMyeoIo6jaRQtI8KUcUxIwZ,1,prod_PBJDVICHUNfwcI
ii_1OMyelIo6jaRQtI822OmuAMk,"150,00",in_1OMyekIo6jaRQtI8fM06rwQM,1,prod_PBJHrkOBiqsiMH
ii_1OMyelIo6jaRQtI8DhJbc6Is,"300,00",in_1OMyekIo6jaRQtI8fM06rwQM,1,prod_PBJCEWAWkv2XEs
ii_1OMyehIo6jaRQtI8bYTka6db,"150,00",in_1OMyehIo6jaRQtI8dVm1rZOH,1,prod_PBJHrkOBiqsiMH
ii_1OMyeeIo6jaRQtI8saWi8Pxb,"100,00",in_1OMyeeIo6jaRQtI8Ak6cCi5e,1,prod_PBJDVICHUNfwcI
ii_1OMyebIo6jaRQtI8n71FFPKE,"300,00",in_1OMyebIo6jaRQtI82EdKiNmh,1,prod_PBJCEWAWkv2XEs
ii_1OMyeXIo6jaRQtI8k6bjjKFh,"300,00",in_1OMyeWIo6jaRQtI8vVg1zYh5,1,prod_PBJCEWAWkv2XEs
ii_1OMyeXIo6jaRQtI8SEvxGEeS,"150,00",in_1OMyeWIo6jaRQtI8vVg1zYh5,1,prod_PBJHrkOBiqsiMH
ii_1OMyeXIo6jaRQtI8thRh0bFi,"300,00",in_1OMyeWIo6jaRQtI8vVg1zYh5,1,prod_PBJCEWAWkv2XEs
ii_1OMyeTIo6jaRQtI8zYWrXYrY,"300,00",in_1OMyeSIo6jaRQtI8u3Sa6NdV,1,prod_PBJCEWAWkv2XEs
ii_1OMyeTIo6jaRQtI8wB6ugKQj,"150,00",in_1OMyeSIo6jaRQtI8u3Sa6NdV,1,prod_PBJHrkOBiqsiMH
ii_1OMyeSIo6jaRQtI8GYsjXLws,"300,00",in_1OMyeSIo6jaRQtI8u3Sa6NdV,1,prod_PBJCEWAWkv2XEs
ii_1OMyePIo6jaRQtI8R4DEGIOV,"300,00",in_1OMyePIo6jaRQtI8NKGeuDRq,1,prod_PBJCEWAWkv2XEs
ii_1OMyeMIo6jaRQtI8832N1CDM,"150,00",in_1OMyeKIo6jaRQtI80POUGHnu,1,prod_PBJHrkOBiqsiMH
ii_1OMyeLIo6jaRQtI85aODOiBa,"300,00",in_1OMyeKIo6jaRQtI80POUGHnu,1,prod_PBJCEWAWkv2XEs
ii_1OMyeLIo6jaRQtI8cY1kTDcd,"150,00",in_1OMyeKIo6jaRQtI80POUGHnu,1,prod_PBJHrkOBiqsiMH
ii_1OMyeHIo6jaRQtI8h2qQKscK,"100,00",in_1OMyeHIo6jaRQtI8psEnqD4E,1,prod_PBJDVICHUNfwcI
ii_1OMyeHIo6jaRQtI8UTWPpTit,"150,00",in_1OMyeHIo6jaRQtI8psEnqD4E,1,prod_PBJHrkOBiqsiMH
ii_1OMyeEIo6jaRQtI8PX280evP,"150,00",in_1OMyeDIo6jaRQtI8RyNhyZll,1,prod_PBJHrkOBiqsiMH
ii_1OMyeDIo6jaRQtI8Q3B3ivPM,"150,00",in_1OMyeDIo6jaRQtI8RyNhyZll,1,prod_PBJHrkOBiqsiMH
ii_1OMyeAIo6jaRQtI82Q6R37Hv,"100,00",in_1OMye9Io6jaRQtI83uZ49KNh,1,prod_PBJDVICHUNfwcI
ii_1OMye9Io6jaRQtI8AAMwzHsE,"150,00",in_1OMye9Io6jaRQtI83uZ49KNh,1,prod_PBJHrkOBiqsiMH
ii_1OMye6Io6jaRQtI8Yc7e8R6N,"100,00",in_1OMye6Io6jaRQtI8uvgr2YEt,1,prod_PBJDVICHUNfwcI
ii_1OMye2Io6jaRQtI8CWhfl7rq,"150,00",in_1OMye2Io6jaRQtI8TPOcQ2R8,1,prod_PBJHrkOBiqsiMH
ii_1OMye2Io6jaRQtI81Cmsgkmj,"300,00",in_1OMye2Io6jaRQtI8TPOcQ2R8,1,prod_PBJCEWAWkv2XEs
ii_1OMydyIo6jaRQtI88hrALITR,"150,00",in_1OMydyIo6jaRQtI8XIWWDcFZ,1,prod_PBJHrkOBiqsiMH
ii_1OMydvIo6jaRQtI8D0hATZDo,"150,00",in_1OMyduIo6jaRQtI8yNiuGJjx,1,prod_PBJHrkOBiqsiMH
ii_1OMydvIo6jaRQtI87cdK3SxO,"300,00",in_1OMyduIo6jaRQtI8yNiuGJjx,1,prod_PBJCEWAWkv2XEs
ii_1OMydrIo6jaRQtI8iDpgNr0W,"300,00",in_1OMydrIo6jaRQtI8qjiiCVu4,1,prod_PBJCEWAWkv2XEs
ii_1OMydoIo6jaRQtI8bGRqI5Cn,"150,00",in_1OMydnIo6jaRQtI8HaWnf6ct,1,prod_PBJHrkOBiqsiMH
ii_1OMydoIo6jaRQtI8GrA2Pfl1,"150,00",in_1OMydnIo6jaRQtI8HaWnf6ct,1,prod_PBJHrkOBiqsiMH
ii_1OMydnIo6jaRQtI8jYpYPMmZ,"100,00",in_1OMydnIo6jaRQtI8HaWnf6ct,1,prod_PBJDVICHUNfwcI
ii_1OMydkIo6jaRQtI8hFd2l0kl,"100,00",in_1OMydjIo6jaRQtI8zzIVn9jU,1,prod_PBJDVICHUNfwcI
ii_1OMydjIo6jaRQtI8OaDQvmiH,"300,00",in_1OMydjIo6jaRQtI8zzIVn9jU,1,prod_PBJCEWAWkv2XEs
ii_1OMydgIo6jaRQtI8O6GUmLDd,"150,00",in_1OMydeIo6jaRQtI8yZqFpYQQ,1,prod_PBJHrkOBiqsiMH
ii_1OMydfIo6jaRQtI8XY2xA2CC,"150,00",in_1OMydeIo6jaRQtI8yZqFpYQQ,1,prod_PBJHrkOBiqsiMH
ii_1OMydfIo6jaRQtI8MYAXmkxm,"150,00",in_1OMydeIo6jaRQtI8yZqFpYQQ,1,prod_PBJHrkOBiqsiMH
ii_1OMydcIo6jaRQtI8IKlMBThq,"150,00",in_1OMydbIo6jaRQtI8xkUkRgWP,1,prod_PBJHrkOBiqsiMH
ii_1OMydYIo6jaRQtI8Skw2MBqQ,"100,00",in_1OMydXIo6jaRQtI82KTGKWeY,1,prod_PBJDVICHUNfwcI
ii_1OMydYIo6jaRQtI8gwo7MOR5,"300,00",in_1OMydXIo6jaRQtI82KTGKWeY,1,prod_PBJCEWAWkv2XEs
ii_1OMydUIo6jaRQtI8kxPj8etN,"150,00",in_1OMydTIo6jaRQtI8l1yVB6uC,1,prod_PBJHrkOBiqsiMH
ii_1OMydUIo6jaRQtI8NFgXAVco,"150,00",in_1OMydTIo6jaRQtI8l1yVB6uC,1,prod_PBJHrkOBiqsiMH
ii_1OMydTIo6jaRQtI87ISiQZt3,"150,00",in_1OMydTIo6jaRQtI8l1yVB6uC,1,prod_PBJHrkOBiqsiMH
ii_1OMydQIo6jaRQtI8bFzvVn19,"150,00",in_1OMydQIo6jaRQtI8ONxtnhGf,1,prod_PBJHrkOBiqsiMH
ii_1OMydNIo6jaRQtI8A2A1SPmv,"100,00",in_1OMydMIo6jaRQtI89ZHWQUw0,1,prod_PBJDVICHUNfwcI
ii_1OMydMIo6jaRQtI8veNfLxHj,"300,00",in_1OMydMIo6jaRQtI89ZHWQUw0,1,prod_PBJCEWAWkv2XEs
ii_1OMydJIo6jaRQtI86Xh1BbQf,"150,00",in_1OMydIIo6jaRQtI8WiupqePE,1,prod_PBJHrkOBiqsiMH
ii_1OMydGIo6jaRQtI8U5jHIahF,"150,00",in_1OMydFIo6jaRQtI8dvK29vZD,1,prod_PBJHrkOBiqsiMH
ii_1OMydFIo6jaRQtI8gWN4Yjb0,"150,00",in_1OMydFIo6jaRQtI8dvK29vZD,1,prod_PBJHrkOBiqsiMH
ii_1OMydCIo6jaRQtI8eiXqYyEY,"100,00",in_1OMydCIo6jaRQtI8a9VP0JnQ,1,prod_PBJDVICHUNfwcI
ii_1OMyd8Io6jaRQtI8sKBKfAjy,"150,00",in_1OMyd7Io6jaRQtI8vgISjatX,1,prod_PBJHrkOBiqsiMH
ii_1OMyd8Io6jaRQtI8IO35qTwB,"150,00",in_1OMyd7Io6jaRQtI8vgISjatX,1,prod_PBJHrkOBiqsiMH
ii_1OMyd8Io6jaRQtI8DB6I7Fm6,"300,00",in_1OMyd7Io6jaRQtI8vgISjatX,1,prod_PBJCEWAWkv2XEs
ii_1OMyd4Io6jaRQtI8q1yq3Sd2,"100,00",in_1OMyd3Io6jaRQtI8FZIxEw7N,1,prod_PBJDVICHUNfwcI
ii_1OMyd3Io6jaRQtI8yhXlz4gE,"150,00",in_1OMyd3Io6jaRQtI8FZIxEw7N,1,prod_PBJHrkOBiqsiMH
ii_1OMyd3Io6jaRQtI87WLgwdyO,"300,00",in_1OMyd3Io6jaRQtI8FZIxEw7N,1,prod_PBJCEWAWkv2XEs
ii_1OMyd0Io6jaRQtI8IfnvI0ap,"300,00",in_1OMyczIo6jaRQtI8jEEX3NLO,1,prod_PBJCEWAWkv2XEs
ii_1OMycwIo6jaRQtI8LCVx1WLa,"100,00",in_1OMycvIo6jaRQtI8DnIM76nW,1,prod_PBJDVICHUNfwcI
ii_1OMycwIo6jaRQtI8ZD50t9fe,"100,00",in_1OMycvIo6jaRQtI8DnIM76nW,1,prod_PBJDVICHUNfwcI
ii_1OMycvIo6jaRQtI8EATBRjGu,"150,00",in_1OMycvIo6jaRQtI8DnIM76nW,1,prod_PBJHrkOBiqsiMH
ii_1OMycsIo6jaRQtI8f1qz6jUQ,"100,00",in_1OMycrIo6jaRQtI8x4lEW93k,1,prod_PBJDVICHUNfwcI
ii_1OMycsIo6jaRQtI87C4ldDUV,"150,00",in_1OMycrIo6jaRQtI8x4lEW93k,1,prod_PBJHrkOBiqsiMH
ii_1OMycoIo6jaRQtI81Jh6MiR5,"150,00",in_1OMycnIo6jaRQtI8jmXZjIPJ,1,prod_PBJHrkOBiqsiMH
ii_1OMycoIo6jaRQtI871U2nJEu,"150,00",in_1OMycnIo6jaRQtI8jmXZjIPJ,1,prod_PBJHrkOBiqsiMH
ii_1OMycnIo6jaRQtI8rhR0dBE3,"100,00",in_1OMycnIo6jaRQtI8jmXZjIPJ,1,prod_PBJDVICHUNfwcI
ii_1OMyckIo6jaRQtI8IyP2ti6p,"150,00",in_1OMycjIo6jaRQtI8N6TNqCLw,1,prod_PBJHrkOBiqsiMH
ii_1OMyckIo6jaRQtI89HXxau04,"150,00",in_1OMycjIo6jaRQtI8N6TNqCLw,1,prod_PBJHrkOBiqsiMH
ii_1OMyckIo6jaRQtI8ILwwZtsJ,"150,00",in_1OMycjIo6jaRQtI8N6TNqCLw,1,prod_PBJHrkOBiqsiMH
ii_1OMycgIo6jaRQtI8VIMhlpyY,"300,00",in_1OMycgIo6jaRQtI8acaeW9H5,1,prod_PBJCEWAWkv2XEs
ii_1OMycgIo6jaRQtI8g42Z7PyO,"300,00",in_1OMycgIo6jaRQtI8acaeW9H5,1,prod_PBJCEWAWkv2XEs
ii_1OMycdIo6jaRQtI8NcqcSaxW,"150,00",in_1OMyccIo6jaRQtI83EruBRAO,1,prod_PBJHrkOBiqsiMH
ii_1OMyccIo6jaRQtI8n3EUE9DK,"300,00",in_1OMyccIo6jaRQtI83EruBRAO,1,prod_PBJCEWAWkv2XEs
ii_1OMyccIo6jaRQtI85uvTmvf5,"100,00",in_1OMyccIo6jaRQtI83EruBRAO,1,prod_PBJDVICHUNfwcI
ii_1OMycZIo6jaRQtI8tZ4VtHj4,"300,00",in_1OMycYIo6jaRQtI8hWS26z0T,1,prod_PBJCEWAWkv2XEs
ii_1OMycYIo6jaRQtI8fj6dxaMO,"300,00",in_1OMycYIo6jaRQtI8hWS26z0T,1,prod_PBJCEWAWkv2XEs
ii_1OMycYIo6jaRQtI86lvW0qPh,"150,00",in_1OMycYIo6jaRQtI8hWS26z0T,1,prod_PBJHrkOBiqsiMH
ii_1OMycVIo6jaRQtI8r28Y3mTg,"100,00",in_1OMycUIo6jaRQtI8ZLJAuJEz,1,prod_PBJDVICHUNfwcI
ii_1OMycVIo6jaRQtI8CnpYpKKW,"300,00",in_1OMycUIo6jaRQtI8ZLJAuJEz,1,prod_PBJCEWAWkv2XEs
ii_1OMycRIo6jaRQtI8VG48foah,"300,00",in_1OMycRIo6jaRQtI8KMnC3w7O,1,prod_PBJCEWAWkv2XEs
ii_1OMyVuIo6jaRQtI8T3qkB8Nd,"100,00",in_1OMyVtIo6jaRQtI89yZNDJI4,1,prod_PBJDVICHUNfwcI
ii_1OMyVuIo6jaRQtI8EfV6Tcho,"100,00",in_1OMyVtIo6jaRQtI89yZNDJI4,1,prod_PBJDVICHUNfwcI
ii_1OMyVuIo6jaRQtI8V4VNJYgX,"100,00",in_1OMyVtIo6jaRQtI89yZNDJI4,1,prod_PBJDVICHUNfwcI
ii_1OMyVqIo6jaRQtI82sQ6gFzp,"150,00",in_1OMyVpIo6jaRQtI8dsNh58sz,1,prod_PBJHrkOBiqsiMH
ii_1OMyVqIo6jaRQtI8zgh4XT6h,"300,00",in_1OMyVpIo6jaRQtI8dsNh58sz,1,prod_PBJCEWAWkv2XEs
ii_1OMyVpIo6jaRQtI8BpgQV1tT,"150,00",in_1OMyVpIo6jaRQtI8dsNh58sz,1,prod_PBJHrkOBiqsiMH
ii_1OMyVmIo6jaRQtI8RpDAci1m,"150,00",in_1OMyVlIo6jaRQtI8DzbgUSRa,1,prod_PBJHrkOBiqsiMH
ii_1OMyVmIo6jaRQtI8eHsjDIzS,"100,00",in_1OMyVlIo6jaRQtI8DzbgUSRa,1,prod_PBJDVICHUNfwcI
ii_1OMyViIo6jaRQtI8BJVoVIXL,"150,00",in_1OMyVhIo6jaRQtI8LQJdnqZV,1,prod_PBJHrkOBiqsiMH
ii_1OMyViIo6jaRQtI8dVO7iiTN,"100,00",in_1OMyVhIo6jaRQtI8LQJdnqZV,1,prod_PBJDVICHUNfwcI
ii_1OMyVhIo6jaRQtI8N5dCQkW8,"150,00",in_1OMyVhIo6jaRQtI8LQJdnqZV,1,prod_PBJHrkOBiqsiMH
ii_1OMyVeIo6jaRQtI8HBYASy2l,"150,00",in_1OMyVdIo6jaRQtI8XNadYhEU,1,prod_PBJHrkOBiqsiMH
ii_1OMyVdIo6jaRQtI8FVvW1Bjx,"300,00",in_1OMyVdIo6jaRQtI8XNadYhEU,1,prod_PBJCEWAWkv2XEs
ii_1OMyVdIo6jaRQtI8e4P5v9cd,"300,00",in_1OMyVdIo6jaRQtI8XNadYhEU,1,prod_PBJCEWAWkv2XEs
ii_1OMyVaIo6jaRQtI8y8beRqVe,"150,00",in_1OMyVZIo6jaRQtI8eqyxXhc0,1,prod_PBJHrkOBiqsiMH
ii_1OMyVXIo6jaRQtI8N4WTj7ZI,"100,00",in_1OMyVWIo6jaRQtI8YAUespHi,1,prod_PBJDVICHUNfwcI
ii_1OMyVTIo6jaRQtI8LrSWI3He,"100,00",in_1OMyVTIo6jaRQtI8WAzGeJ4t,1,prod_PBJDVICHUNfwcI
ii_1OMyVTIo6jaRQtI8M48zeJK6,"100,00",in_1OMyVTIo6jaRQtI8WAzGeJ4t,1,prod_PBJDVICHUNfwcI
ii_1OMyVPIo6jaRQtI8ZkJKq5cZ,"300,00",in_1OMyVOIo6jaRQtI8SdzMarZH,1,prod_PBJCEWAWkv2XEs
ii_1OMyVPIo6jaRQtI8dxouVd4N,"150,00",in_1OMyVOIo6jaRQtI8SdzMarZH,1,prod_PBJHrkOBiqsiMH
ii_1OMyVPIo6jaRQtI8LC8XauOd,"100,00",in_1OMyVOIo6jaRQtI8SdzMarZH,1,prod_PBJDVICHUNfwcI
ii_1OMyVLIo6jaRQtI8ew509nLV,"100,00",in_1OMyVKIo6jaRQtI8DAF2lfPP,1,prod_PBJDVICHUNfwcI
ii_1OMyVLIo6jaRQtI8E3L7lVec,"150,00",in_1OMyVKIo6jaRQtI8DAF2lfPP,1,prod_PBJHrkOBiqsiMH
ii_1OMyVLIo6jaRQtI8wJQhri2O,"150,00",in_1OMyVKIo6jaRQtI8DAF2lfPP,1,prod_PBJHrkOBiqsiMH
ii_1OMyVHIo6jaRQtI8WPxfgn5g,"100,00",in_1OMyVGIo6jaRQtI8a1puU0bw,1,prod_PBJDVICHUNfwcI
ii_1OMyVHIo6jaRQtI8a3ZUpboy,"300,00",in_1OMyVGIo6jaRQtI8a1puU0bw,1,prod_PBJCEWAWkv2XEs
ii_1OMyVGIo6jaRQtI8exkOv5rG,"300,00",in_1OMyVGIo6jaRQtI8a1puU0bw,1,prod_PBJCEWAWkv2XEs
ii_1OMyVDIo6jaRQtI8fklIicZD,"300,00",in_1OMyVDIo6jaRQtI8ZqSHu2Rt,1,prod_PBJCEWAWkv2XEs
ii_1OMyVAIo6jaRQtI8iCTAb6g3,"100,00",in_1OMyV9Io6jaRQtI8x96tsjCO,1,prod_PBJDVICHUNfwcI
ii_1OMyVAIo6jaRQtI8gYTqLaPG,"300,00",in_1OMyV9Io6jaRQtI8x96tsjCO,1,prod_PBJCEWAWkv2XEs
ii_1OMyV9Io6jaRQtI8Cz1UzZ1s,"150,00",in_1OMyV9Io6jaRQtI8x96tsjCO,1,prod_PBJHrkOBiqsiMH
ii_1OMyV6Io6jaRQtI8jIss7a9m,"300,00",in_1OMyV5Io6jaRQtI8OaKSEOKX,1,prod_PBJCEWAWkv2XEs
ii_1OMyV5Io6jaRQtI8HQZL3Prg,"100,00",in_1OMyV5Io6jaRQtI8OaKSEOKX,1,prod_PBJDVICHUNfwcI
ii_1OMyV2Io6jaRQtI8uYZ3AUsb,"300,00",in_1OMyV1Io6jaRQtI8Qmf1BwvZ,1,prod_PBJCEWAWkv2XEs
ii_1OMyV2Io6jaRQtI8gA8ufmMl,"300,00",in_1OMyV1Io6jaRQtI8Qmf1BwvZ,1,prod_PBJCEWAWkv2XEs
ii_1OMyUzIo6jaRQtI87d3NAgij,"100,00",in_1OMyUyIo6jaRQtI8tYMCjlCX,1,prod_PBJDVICHUNfwcI
ii_1OMyUyIo6jaRQtI83TRJw8Za,"100,00",in_1OMyUyIo6jaRQtI8tYMCjlCX,1,prod_PBJDVICHUNfwcI
ii_1OMyUyIo6jaRQtI85mgDo1Nl,"150,00",in_1OMyUyIo6jaRQtI8tYMCjlCX,1,prod_PBJHrkOBiqsiMH
ii_1OMyUvIo6jaRQtI8jLIBx4HS,"300,00",in_1OMyUuIo6jaRQtI8UNl5NF2K,1,prod_PBJCEWAWkv2XEs
ii_1OMyUuIo6jaRQtI8erFWZ06k,"100,00",in_1OMyUuIo6jaRQtI8UNl5NF2K,1,prod_PBJDVICHUNfwcI
ii_1OMyUrIo6jaRQtI81VJnLX9v,"100,00",in_1OMyUqIo6jaRQtI8ChmLnIhR,1,prod_PBJDVICHUNfwcI
ii_1OMyUrIo6jaRQtI8sSzqMKgl,"100,00",in_1OMyUqIo6jaRQtI8ChmLnIhR,1,prod_PBJDVICHUNfwcI
ii_1OMyUqIo6jaRQtI86vzIvqH2,"300,00",in_1OMyUqIo6jaRQtI8ChmLnIhR,1,prod_PBJCEWAWkv2XEs
ii_1OMyUnIo6jaRQtI8T4WegOa3,"300,00",in_1OMyUnIo6jaRQtI8AYtNKyZe,1,prod_PBJCEWAWkv2XEs
ii_1OMyUkIo6jaRQtI83QyHdtam,"100,00",in_1OMyUjIo6jaRQtI8TxrdkfsZ,1,prod_PBJDVICHUNfwcI
ii_1OMyUkIo6jaRQtI8pgt0biIm,"150,00",in_1OMyUjIo6jaRQtI8TxrdkfsZ,1,prod_PBJHrkOBiqsiMH
ii_1OMyUhIo6jaRQtI86o7KFzN2,"100,00",in_1OMyUgIo6jaRQtI8f5fwm4W8,1,prod_PBJDVICHUNfwcI
ii_1OMyUeIo6jaRQtI8AAQw1rot,"300,00",in_1OMyUdIo6jaRQtI8fMLDmS4g,1,prod_PBJCEWAWkv2XEs
ii_1OMyUaIo6jaRQtI8hDea4TRx,"300,00",in_1OMyUaIo6jaRQtI8GeqVsEA6,1,prod_PBJCEWAWkv2XEs
ii_1OMyUXIo6jaRQtI8IpKJNrNS,"300,00",in_1OMyUWIo6jaRQtI8A9DcdKgU,1,prod_PBJCEWAWkv2XEs
ii_1OMyUWIo6jaRQtI8KaXkv9Xp,"300,00",in_1OMyUWIo6jaRQtI8A9DcdKgU,1,prod_PBJCEWAWkv2XEs
ii_1OMyUWIo6jaRQtI8dmVNrmF7,"100,00",in_1OMyUWIo6jaRQtI8A9DcdKgU,1,prod_PBJDVICHUNfwcI
ii_1OMyUTIo6jaRQtI8Jo8CEBsk,"100,00",in_1OMyUSIo6jaRQtI8XmZg6qij,1,prod_PBJDVICHUNfwcI
ii_1OMyUTIo6jaRQtI8XwGITbzg,"300,00",in_1OMyUSIo6jaRQtI8XmZg6qij,1,prod_PBJCEWAWkv2XEs
ii_1OMyUPIo6jaRQtI8iQ7jo3TI,"100,00",in_1OMyUPIo6jaRQtI8sLXNNzRY,1,prod_PBJDVICHUNfwcI
ii_1OMyUPIo6jaRQtI8xfk9oPqo,"300,00",in_1OMyUPIo6jaRQtI8sLXNNzRY,1,prod_PBJCEWAWkv2XEs
ii_1OMyUMIo6jaRQtI8Awh5D86B,"100,00",in_1OMyULIo6jaRQtI8FXFmLNOZ,1,prod_PBJDVICHUNfwcI
ii_1OMyULIo6jaRQtI8H2S5QVtH,"100,00",in_1OMyULIo6jaRQtI8FXFmLNOZ,1,prod_PBJDVICHUNfwcI
ii_1OMyUIIo6jaRQtI8KdzMWU75,"150,00",in_1OMyUHIo6jaRQtI816rdRM54,1,prod_PBJHrkOBiqsiMH
ii_1OMyUIIo6jaRQtI8VxGDm7q4,"300,00",in_1OMyUHIo6jaRQtI816rdRM54,1,prod_PBJCEWAWkv2XEs
ii_1OMyUEIo6jaRQtI8sSyGgAUs,"100,00",in_1OMyUDIo6jaRQtI8vR1g5fqS,1,prod_PBJDVICHUNfwcI
ii_1OMyUEIo6jaRQtI8cYapN2to,"300,00",in_1OMyUDIo6jaRQtI8vR1g5fqS,1,prod_PBJCEWAWkv2XEs
ii_1OMyUEIo6jaRQtI8Oj1Bx9EV,"150,00",in_1OMyUDIo6jaRQtI8vR1g5fqS,1,prod_PBJHrkOBiqsiMH
ii_1OMyUAIo6jaRQtI8TZ7aeIoz,"300,00",in_1OMyUAIo6jaRQtI8GeHMVB6D,1,prod_PBJCEWAWkv2XEs
ii_1OMyU7Io6jaRQtI8L3k7m4Lx,"300,00",in_1OMyU6Io6jaRQtI8c7UUUJPC,1,prod_PBJCEWAWkv2XEs
ii_1OMyU6Io6jaRQtI8Zc6OFH2w,"300,00",in_1OMyU6Io6jaRQtI8c7UUUJPC,1,prod_PBJCEWAWkv2XEs
ii_1OMyU6Io6jaRQtI8kmbwOeko,"300,00",in_1OMyU6Io6jaRQtI8c7UUUJPC,1,prod_PBJCEWAWkv2XEs
ii_1OMyU2Io6jaRQtI8TbsXGFGn,"100,00",in_1OMyU1Io6jaRQtI8RhNyvlt1,1,prod_PBJDVICHUNfwcI
ii_1OMyU2Io6jaRQtI83XC1a4QH,"150,00",in_1OMyU1Io6jaRQtI8RhNyvlt1,1,prod_PBJHrkOBiqsiMH
ii_1OMyTzIo6jaRQtI8VYRslqqI,"300,00",in_1OMyTyIo6jaRQtI8cuCs41FS,1,prod_PBJCEWAWkv2XEs
ii_1OMyTyIo6jaRQtI8wzUN6H2K,"150,00",in_1OMyTyIo6jaRQtI8cuCs41FS,1,prod_PBJHrkOBiqsiMH
ii_1OMyTvIo6jaRQtI8nRz9ZaZS,"300,00",in_1OMyTuIo6jaRQtI8LuSfDbM7,1,prod_PBJCEWAWkv2XEs
ii_1OMyTvIo6jaRQtI8gk2dlvSf,"300,00",in_1OMyTuIo6jaRQtI8LuSfDbM7,1,prod_PBJCEWAWkv2XEs
ii_1OMyTuIo6jaRQtI8ZSYqlRmw,"100,00",in_1OMyTuIo6jaRQtI8LuSfDbM7,1,prod_PBJDVICHUNfwcI
ii_1OMyTrIo6jaRQtI8ImR0Wr5l,"300,00",in_1OMyTqIo6jaRQtI8JrOqschw,1,prod_PBJCEWAWkv2XEs
ii_1OMyTrIo6jaRQtI84216NWHG,"300,00",in_1OMyTqIo6jaRQtI8JrOqschw,1,prod_PBJCEWAWkv2XEs
ii_1OMyTqIo6jaRQtI8tELGt17k,"100,00",in_1OMyTqIo6jaRQtI8JrOqschw,1,prod_PBJDVICHUNfwcI
ii_1OMyTnIo6jaRQtI8TmCdeyAj,"100,00",in_1OMyTmIo6jaRQtI8glj4zSqJ,1,prod_PBJDVICHUNfwcI
ii_1OMyTnIo6jaRQtI8yGct9Ktu,"300,00",in_1OMyTmIo6jaRQtI8glj4zSqJ,1,prod_PBJCEWAWkv2XEs
ii_1OMyTmIo6jaRQtI8RE75ABVt,"150,00",in_1OMyTmIo6jaRQtI8glj4zSqJ,1,prod_PBJHrkOBiqsiMH
ii_1OMyTjIo6jaRQtI8GacRTbRY,"100,00",in_1OMyTiIo6jaRQtI820xnzlIY,1,prod_PBJDVICHUNfwcI
ii_1OMyTjIo6jaRQtI89qBwa2my,"300,00",in_1OMyTiIo6jaRQtI820xnzlIY,1,prod_PBJCEWAWkv2XEs
ii_1OMyTiIo6jaRQtI8jwIk3YYr,"150,00",in_1OMyTiIo6jaRQtI820xnzlIY,1,prod_PBJHrkOBiqsiMH
ii_1OMyTfIo6jaRQtI8DdbUweWf,"100,00",in_1OMyTeIo6jaRQtI8jsGCPCyQ,1,prod_PBJDVICHUNfwcI
ii_1OMyTeIo6jaRQtI8zRh420CR,"100,00",in_1OMyTeIo6jaRQtI8jsGCPCyQ,1,prod_PBJDVICHUNfwcI
ii_1OMyTeIo6jaRQtI8WZ4jg1j9,"150,00",in_1OMyTeIo6jaRQtI8jsGCPCyQ,1,prod_PBJHrkOBiqsiMH
ii_1OMyTbIo6jaRQtI8xPchyhTH,"300,00",in_1OMyTZIo6jaRQtI8moOs58TX,1,prod_PBJCEWAWkv2XEs
ii_1OMyTaIo6jaRQtI8ssMJw8Mt,"100,00",in_1OMyTZIo6jaRQtI8moOs58TX,1,prod_PBJDVICHUNfwcI
ii_1OMyTaIo6jaRQtI8N6jeeu8Y,"150,00",in_1OMyTZIo6jaRQtI8moOs58TX,1,prod_PBJHrkOBiqsiMH
ii_1OMyTXIo6jaRQtI8lZx0wO99,"100,00",in_1OMyTWIo6jaRQtI8m7h2xlJQ,1,prod_PBJDVICHUNfwcI
ii_1OMyTWIo6jaRQtI8ed8oI9mf,"150,00",in_1OMyTWIo6jaRQtI8m7h2xlJQ,1,prod_PBJHrkOBiqsiMH
ii_1OMyTTIo6jaRQtI8EUldwUrM,"300,00",in_1OMyTSIo6jaRQtI8SFsUEeXm,1,prod_PBJCEWAWkv2XEs
ii_1OMyTSIo6jaRQtI8b1RHqYho,"150,00",in_1OMyTSIo6jaRQtI8SFsUEeXm,1,prod_PBJHrkOBiqsiMH
ii_1OMyTPIo6jaRQtI8FY96qaNZ,"100,00",in_1OMyTPIo6jaRQtI8rT0u2iPS,1,prod_PBJDVICHUNfwcI
ii_1OMyTMIo6jaRQtI8ZwjsLx9F,"300,00",in_1OMyTLIo6jaRQtI8xGFzZeEK,1,prod_PBJCEWAWkv2XEs
ii_1OMyTLIo6jaRQtI86Doz6svU,"100,00",in_1OMyTLIo6jaRQtI8xGFzZeEK,1,prod_PBJDVICHUNfwcI
ii_1OMyTLIo6jaRQtI8FyK9wp4l,"150,00",in_1OMyTLIo6jaRQtI8xGFzZeEK,1,prod_PBJHrkOBiqsiMH
ii_1OMyTIIo6jaRQtI80WaX7sz9,"150,00",in_1OMyTHIo6jaRQtI8Fog6Vyh0,1,prod_PBJHrkOBiqsiMH
ii_1OMyTHIo6jaRQtI88tNGJ09e,"100,00",in_1OMyTHIo6jaRQtI8Fog6Vyh0,1,prod_PBJDVICHUNfwcI
ii_1OMyTEIo6jaRQtI8vNqAKHrD,"150,00",in_1OMyTDIo6jaRQtI8hxrY8lXG,1,prod_PBJHrkOBiqsiMH
ii_1OMyTDIo6jaRQtI8gc6pIcmb,"150,00",in_1OMyTDIo6jaRQtI8hxrY8lXG,1,prod_PBJHrkOBiqsiMH
ii_1OMyTDIo6jaRQtI8tu9VwBhn,"100,00",in_1OMyTDIo6jaRQtI8hxrY8lXG,1,prod_PBJDVICHUNfwcI
ii_1OMyTAIo6jaRQtI8Q8iX6T8P,"300,00",in_1OMyT9Io6jaRQtI8WLmt6G6I,1,prod_PBJCEWAWkv2XEs
ii_1OMyT9Io6jaRQtI8aYhKQBKF,"300,00",in_1OMyT9Io6jaRQtI8WLmt6G6I,1,prod_PBJCEWAWkv2XEs
ii_1OMyT6Io6jaRQtI8f1Od8GhF,"300,00",in_1OMyT6Io6jaRQtI8HYV87MGT,1,prod_PBJCEWAWkv2XEs
ii_1OMyT3Io6jaRQtI80eBJz6rb,"100,00",in_1OMyT3Io6jaRQtI81fAKVjFY,1,prod_PBJDVICHUNfwcI
ii_1OMyT0Io6jaRQtI8mskdMTia,"100,00",in_1OMySzIo6jaRQtI8B2QjqVFS,1,prod_PBJDVICHUNfwcI
ii_1OMySzIo6jaRQtI8t2ugUEpL,"150,00",in_1OMySzIo6jaRQtI8B2QjqVFS,1,prod_PBJHrkOBiqsiMH
ii_1OMySwIo6jaRQtI8PNz9OJcw,"300,00",in_1OMySvIo6jaRQtI8WlxM4lwq,1,prod_PBJCEWAWkv2XEs
ii_1OMyGeIo6jaRQtI8ulo9Fklm,"300,00",in_1OMyGdIo6jaRQtI8A9q8h79X,1,prod_PBJCEWAWkv2XEs
ii_1OMyGdIo6jaRQtI8DpDpM7ku,"300,00",in_1OMyGdIo6jaRQtI8A9q8h79X,1,prod_PBJCEWAWkv2XEs
ii_1OMyGZIo6jaRQtI8XLfAL2nI,"300,00",in_1OMyGZIo6jaRQtI8HuyXaCwK,1,prod_PBJCEWAWkv2XEs
ii_1OMyGZIo6jaRQtI8z74dsuh6,"100,00",in_1OMyGZIo6jaRQtI8HuyXaCwK,1,prod_PBJDVICHUNfwcI
ii_1OMyGWIo6jaRQtI8KkuGjJRZ,"300,00",in_1OMyGVIo6jaRQtI8NOWO7ePg,1,prod_PBJCEWAWkv2XEs
ii_1OMyGVIo6jaRQtI8ur5Nz9hY,"300,00",in_1OMyGVIo6jaRQtI8NOWO7ePg,1,prod_PBJCEWAWkv2XEs
ii_1OMyGSIo6jaRQtI8NvxkDTiF,"300,00",in_1OMyGRIo6jaRQtI81hNvqSjF,1,prod_PBJCEWAWkv2XEs
ii_1OMyGSIo6jaRQtI8n6aAsO2y,"150,00",in_1OMyGRIo6jaRQtI81hNvqSjF,1,prod_PBJHrkOBiqsiMH
ii_1OMyGOIo6jaRQtI81EBEATPP,"300,00",in_1OMyGOIo6jaRQtI8xUu4yDe5,1,prod_PBJCEWAWkv2XEs
ii_1OMyGOIo6jaRQtI8OV1wmqyG,"150,00",in_1OMyGOIo6jaRQtI8xUu4yDe5,1,prod_PBJHrkOBiqsiMH
ii_1OMyGKIo6jaRQtI8HjFZNCjM,"150,00",in_1OMyGKIo6jaRQtI8kfhMom8C,1,prod_PBJHrkOBiqsiMH
ii_1OMyGKIo6jaRQtI8rOiv7cfN,"100,00",in_1OMyGKIo6jaRQtI8kfhMom8C,1,prod_PBJDVICHUNfwcI
ii_1OMyGHIo6jaRQtI8LymnTdKW,"150,00",in_1OMyGGIo6jaRQtI8Rhi0cIqe,1,prod_PBJHrkOBiqsiMH
ii_1OMyGGIo6jaRQtI8xLaIzX3O,"150,00",in_1OMyGGIo6jaRQtI8Rhi0cIqe,1,prod_PBJHrkOBiqsiMH
ii_1OMyGDIo6jaRQtI8FKyPRnwY,"150,00",in_1OMyGCIo6jaRQtI87cUO53Is,1,prod_PBJHrkOBiqsiMH
ii_1OMyGDIo6jaRQtI82ceUmUAH,"150,00",in_1OMyGCIo6jaRQtI87cUO53Is,1,prod_PBJHrkOBiqsiMH
ii_1OMyG9Io6jaRQtI89C06RL8Y,"150,00",in_1OMyG8Io6jaRQtI8CnVEZbxP,1,prod_PBJHrkOBiqsiMH
ii_1OMyG9Io6jaRQtI87APndqfR,"150,00",in_1OMyG8Io6jaRQtI8CnVEZbxP,1,prod_PBJHrkOBiqsiMH
ii_1OMyG6Io6jaRQtI8taF6J0Qa,"100,00",in_1OMyG5Io6jaRQtI8o70xN6Am,1,prod_PBJDVICHUNfwcI
ii_1OMyG5Io6jaRQtI8ssvMD35y,"150,00",in_1OMyG5Io6jaRQtI8o70xN6Am,1,prod_PBJHrkOBiqsiMH
ii_1OMyG2Io6jaRQtI8roZAjwGX,"150,00",in_1OMyG1Io6jaRQtI8dUVjdMuH,1,prod_PBJHrkOBiqsiMH
ii_1OMyG1Io6jaRQtI8xRBW89zc,"300,00",in_1OMyG1Io6jaRQtI8dUVjdMuH,1,prod_PBJCEWAWkv2XEs
ii_1OMyFxIo6jaRQtI8Da4P0wV2,"300,00",in_1OMyFxIo6jaRQtI8zN5I6vCI,1,prod_PBJCEWAWkv2XEs
ii_1OMyFxIo6jaRQtI8NyoKLSeT,"100,00",in_1OMyFxIo6jaRQtI8zN5I6vCI,1,prod_PBJDVICHUNfwcI
ii_1OMyFuIo6jaRQtI8tipiFxXc,"300,00",in_1OMyFtIo6jaRQtI8qZV9dn6i,1,prod_PBJCEWAWkv2XEs
ii_1OMyFtIo6jaRQtI8M4FqDlci,"300,00",in_1OMyFtIo6jaRQtI8qZV9dn6i,1,prod_PBJCEWAWkv2XEs
ii_1OMyFqIo6jaRQtI8G4j6gyoR,"150,00",in_1OMyFpIo6jaRQtI8EQn98FZD,1,prod_PBJHrkOBiqsiMH
ii_1OMyFqIo6jaRQtI87vsLHghu,"150,00",in_1OMyFpIo6jaRQtI8EQn98FZD,1,prod_PBJHrkOBiqsiMH
ii_1OMyFkIo6jaRQtI8CotmqprR,"100,00",in_1OMyFjIo6jaRQtI8X54JnAK5,1,prod_PBJDVICHUNfwcI
ii_1OMyFjIo6jaRQtI8t9LOzBy2,"100,00",in_1OMyFjIo6jaRQtI8X54JnAK5,1,prod_PBJDVICHUNfwcI
ii_1OMyFgIo6jaRQtI8M1Isgv3t,"100,00",in_1OMyFfIo6jaRQtI88CcAlws0,1,prod_PBJDVICHUNfwcI
ii_1OMyFfIo6jaRQtI8zNu1Ycdl,"300,00",in_1OMyFfIo6jaRQtI88CcAlws0,1,prod_PBJCEWAWkv2XEs
ii_1OMyFcIo6jaRQtI8i9aI7UyY,"150,00",in_1OMyFbIo6jaRQtI8lf1xJqxB,1,prod_PBJHrkOBiqsiMH
ii_1OMyFcIo6jaRQtI81eVp6vKZ,"150,00",in_1OMyFbIo6jaRQtI8lf1xJqxB,1,prod_PBJHrkOBiqsiMH
ii_1OMyFZIo6jaRQtI8UCp8ZkSh,"300,00",in_1OMyFYIo6jaRQtI82k5edZPV,1,prod_PBJCEWAWkv2XEs
ii_1OMyFYIo6jaRQtI8zJNcjdA7,"300,00",in_1OMyFYIo6jaRQtI82k5edZPV,1,prod_PBJCEWAWkv2XEs
ii_1OMyFVIo6jaRQtI80e6p8LxY,"150,00",in_1OMyFUIo6jaRQtI8MZb4NXvO,1,prod_PBJHrkOBiqsiMH
ii_1OMyFUIo6jaRQtI8UQEtBC4V,"100,00",in_1OMyFUIo6jaRQtI8MZb4NXvO,1,prod_PBJDVICHUNfwcI
ii_1OMyFUIo6jaRQtI865q6B6SW,"300,00",in_1OMyFUIo6jaRQtI8MZb4NXvO,1,prod_PBJCEWAWkv2XEs
ii_1OMyFQIo6jaRQtI8Ki65voZp,"100,00",in_1OMyFPIo6jaRQtI8yeFm3jhl,1,prod_PBJDVICHUNfwcI
ii_1OMyFQIo6jaRQtI8UYzj1db6,"150,00",in_1OMyFPIo6jaRQtI8yeFm3jhl,1,prod_PBJHrkOBiqsiMH
ii_1OMyFQIo6jaRQtI86mOvSeeB,"100,00",in_1OMyFPIo6jaRQtI8yeFm3jhl,1,prod_PBJDVICHUNfwcI
ii_1OMyFMIo6jaRQtI8JlV2dbBS,"300,00",in_1OMyFLIo6jaRQtI8F5wt6QQ1,1,prod_PBJCEWAWkv2XEs
ii_1OMyFMIo6jaRQtI8oMd9LkCN,"100,00",in_1OMyFLIo6jaRQtI8F5wt6QQ1,1,prod_PBJDVICHUNfwcI
ii_1OMyFLIo6jaRQtI8t4y1CJ3K,"100,00",in_1OMyFLIo6jaRQtI8F5wt6QQ1,1,prod_PBJDVICHUNfwcI
ii_1OMyFIIo6jaRQtI8OatfWay8,"300,00",in_1OMyFHIo6jaRQtI8bMu8MVpu,1,prod_PBJCEWAWkv2XEs
ii_1OMyFIIo6jaRQtI81xTAcl48,"100,00",in_1OMyFHIo6jaRQtI8bMu8MVpu,1,prod_PBJDVICHUNfwcI
ii_1OMyFHIo6jaRQtI8jWnbppL3,"100,00",in_1OMyFHIo6jaRQtI8bMu8MVpu,1,prod_PBJDVICHUNfwcI
ii_1OMyFEIo6jaRQtI8itSYfFZj,"100,00",in_1OMyFDIo6jaRQtI8NWpzTU9j,1,prod_PBJDVICHUNfwcI
ii_1OMyFDIo6jaRQtI8AFtyYpZk,"150,00",in_1OMyFDIo6jaRQtI8NWpzTU9j,1,prod_PBJHrkOBiqsiMH
ii_1OMyFDIo6jaRQtI8pV3bGZH0,"300,00",in_1OMyFDIo6jaRQtI8NWpzTU9j,1,prod_PBJCEWAWkv2XEs
ii_1OMyFAIo6jaRQtI89F3FPhNb,"150,00",in_1OMyF8Io6jaRQtI8xfbPXV9J,1,prod_PBJHrkOBiqsiMH
ii_1OMyF9Io6jaRQtI8qucjM8NU,"100,00",in_1OMyF8Io6jaRQtI8xfbPXV9J,1,prod_PBJDVICHUNfwcI
ii_1OMyF9Io6jaRQtI8nfPbVUBk,"100,00",in_1OMyF8Io6jaRQtI8xfbPXV9J,1,prod_PBJDVICHUNfwcI
ii_1OMyF5Io6jaRQtI8czTtfGHf,"150,00",in_1OMyF4Io6jaRQtI89ReLCvzw,1,prod_PBJHrkOBiqsiMH
ii_1OMyF5Io6jaRQtI8ScGstGSj,"100,00",in_1OMyF4Io6jaRQtI89ReLCvzw,1,prod_PBJDVICHUNfwcI
ii_1OMyF4Io6jaRQtI8KA83VjFJ,"150,00",in_1OMyF4Io6jaRQtI89ReLCvzw,1,prod_PBJHrkOBiqsiMH
ii_1OMyF0Io6jaRQtI8LWop1B1y,"100,00",in_1OMyEzIo6jaRQtI88HbcR2tR,1,prod_PBJDVICHUNfwcI
ii_1OMyF0Io6jaRQtI8XoUuDZSv,"150,00",in_1OMyEzIo6jaRQtI88HbcR2tR,1,prod_PBJHrkOBiqsiMH
ii_1OMyEzIo6jaRQtI8wmMfDCFc,"300,00",in_1OMyEzIo6jaRQtI88HbcR2tR,1,prod_PBJCEWAWkv2XEs
ii_1OMyEvIo6jaRQtI8bB7ZnqUU,"100,00",in_1OMyEuIo6jaRQtI8Cu8bOkKp,1,prod_PBJDVICHUNfwcI
ii_1OMyEvIo6jaRQtI8sBJJc2IQ,"100,00",in_1OMyEuIo6jaRQtI8Cu8bOkKp,1,prod_PBJDVICHUNfwcI
ii_1OMyEvIo6jaRQtI8h76f8QTv,"150,00",in_1OMyEuIo6jaRQtI8Cu8bOkKp,1,prod_PBJHrkOBiqsiMH
ii_1OMyErIo6jaRQtI8Vhqarvvc,"300,00",in_1OMyEqIo6jaRQtI8tRxigurp,1,prod_PBJCEWAWkv2XEs
ii_1OMyErIo6jaRQtI8jvDrLMPl,"300,00",in_1OMyEqIo6jaRQtI8tRxigurp,1,prod_PBJCEWAWkv2XEs
ii_1OMyEqIo6jaRQtI8KGNdTL7X,"100,00",in_1OMyEqIo6jaRQtI8tRxigurp,1,prod_PBJDVICHUNfwcI
ii_1OMyEnIo6jaRQtI8mQJPWQd2,"300,00",in_1OMyEmIo6jaRQtI8MgAvZ62m,1,prod_PBJCEWAWkv2XEs
ii_1OMyEmIo6jaRQtI8XC5VX1vG,"100,00",in_1OMyEmIo6jaRQtI8MgAvZ62m,1,prod_PBJDVICHUNfwcI
ii_1OMyEmIo6jaRQtI8vciL1XXH,"100,00",in_1OMyEmIo6jaRQtI8MgAvZ62m,1,prod_PBJDVICHUNfwcI
ii_1OMyEjIo6jaRQtI8gp4LbnsM,"150,00",in_1OMyEiIo6jaRQtI8BHs0nTK0,1,prod_PBJHrkOBiqsiMH
ii_1OMyEiIo6jaRQtI8mZrvnCZO,"100,00",in_1OMyEiIo6jaRQtI8BHs0nTK0,1,prod_PBJDVICHUNfwcI
ii_1OMyEiIo6jaRQtI8DbZaQyiP,"150,00",in_1OMyEiIo6jaRQtI8BHs0nTK0,1,prod_PBJHrkOBiqsiMH
ii_1OMyEfIo6jaRQtI8c8P4uRet,"300,00",in_1OMyEdIo6jaRQtI8jBZ5QXKa,1,prod_PBJCEWAWkv2XEs
ii_1OMyEeIo6jaRQtI8Myb8osZr,"300,00",in_1OMyEdIo6jaRQtI8jBZ5QXKa,1,prod_PBJCEWAWkv2XEs
ii_1OMyEeIo6jaRQtI885QypJsc,"150,00",in_1OMyEdIo6jaRQtI8jBZ5QXKa,1,prod_PBJHrkOBiqsiMH
ii_1OMyEaIo6jaRQtI8cRpZk2rs,"150,00",in_1OMyEZIo6jaRQtI8ZgEdjfLI,1,prod_PBJHrkOBiqsiMH
ii_1OMyEaIo6jaRQtI89GmKoDTD,"150,00",in_1OMyEZIo6jaRQtI8ZgEdjfLI,1,prod_PBJHrkOBiqsiMH
ii_1OMyEaIo6jaRQtI8R1AqhMX3,"300,00",in_1OMyEZIo6jaRQtI8ZgEdjfLI,1,prod_PBJCEWAWkv2XEs
ii_1OMyEWIo6jaRQtI8LqrowGx7,"150,00",in_1OMyEVIo6jaRQtI8WI5JIq8t,1,prod_PBJHrkOBiqsiMH
ii_1OMyEWIo6jaRQtI890JkxjC0,"100,00",in_1OMyEVIo6jaRQtI8WI5JIq8t,1,prod_PBJDVICHUNfwcI
ii_1OMyEVIo6jaRQtI8yUDEDUyC,"100,00",in_1OMyEVIo6jaRQtI8WI5JIq8t,1,prod_PBJDVICHUNfwcI
ii_1OMyESIo6jaRQtI85HDGn0yy,"100,00",in_1OMyERIo6jaRQtI8Pq4hItGn,1,prod_PBJDVICHUNfwcI
ii_1OMyESIo6jaRQtI8sDRWg6X9,"150,00",in_1OMyERIo6jaRQtI8Pq4hItGn,1,prod_PBJHrkOBiqsiMH
ii_1OMyERIo6jaRQtI8mQNryczg,"100,00",in_1OMyERIo6jaRQtI8Pq4hItGn,1,prod_PBJDVICHUNfwcI
ii_1OMyEOIo6jaRQtI8Qzr4Rlah,"100,00",in_1OMyENIo6jaRQtI8TzqAeUCr,1,prod_PBJDVICHUNfwcI
ii_1OMyENIo6jaRQtI8vt0kX1qf,"150,00",in_1OMyENIo6jaRQtI8TzqAeUCr,1,prod_PBJHrkOBiqsiMH
ii_1OMyENIo6jaRQtI8DBZnrXgn,"300,00",in_1OMyENIo6jaRQtI8TzqAeUCr,1,prod_PBJCEWAWkv2XEs
ii_1OMyEKIo6jaRQtI89szVlyCa,"300,00",in_1OMyEIIo6jaRQtI8qFHnfQ9s,1,prod_PBJCEWAWkv2XEs
ii_1OMyEJIo6jaRQtI8Vc9HVSJ0,"150,00",in_1OMyEIIo6jaRQtI8qFHnfQ9s,1,prod_PBJHrkOBiqsiMH
ii_1OMyEJIo6jaRQtI8UHKubahs,"100,00",in_1OMyEIIo6jaRQtI8qFHnfQ9s,1,prod_PBJDVICHUNfwcI
ii_1OMyEFIo6jaRQtI8kAlgeMHM,"100,00",in_1OMyEEIo6jaRQtI8ZXeKckKA,1,prod_PBJDVICHUNfwcI
ii_1OMyEFIo6jaRQtI8ooCY1oh7,"100,00",in_1OMyEEIo6jaRQtI8ZXeKckKA,1,prod_PBJDVICHUNfwcI
ii_1OMyEEIo6jaRQtI8Ued8tTwf,"150,00",in_1OMyEEIo6jaRQtI8ZXeKckKA,1,prod_PBJHrkOBiqsiMH
ii_1OMyEBIo6jaRQtI8lqb472kU,"100,00",in_1OMyEAIo6jaRQtI8BD2jO1y9,1,prod_PBJDVICHUNfwcI
ii_1OMyEBIo6jaRQtI89pVcmxcY,"100,00",in_1OMyEAIo6jaRQtI8BD2jO1y9,1,prod_PBJDVICHUNfwcI
ii_1OMyEAIo6jaRQtI8PvCrI6M3,"150,00",in_1OMyEAIo6jaRQtI8BD2jO1y9,1,prod_PBJHrkOBiqsiMH
ii_1OMyE6Io6jaRQtI8h3nSrQ1W,"100,00",in_1OMyE5Io6jaRQtI8Anz0g9KZ,1,prod_PBJDVICHUNfwcI
ii_1OMyE6Io6jaRQtI85SN5zJtk,"100,00",in_1OMyE5Io6jaRQtI8Anz0g9KZ,1,prod_PBJDVICHUNfwcI
ii_1OMyE6Io6jaRQtI86XH9431N,"100,00",in_1OMyE5Io6jaRQtI8Anz0g9KZ,1,prod_PBJDVICHUNfwcI
ii_1OMyE2Io6jaRQtI8tAyrOlvJ,"300,00",in_1OMyE1Io6jaRQtI8Gy36syUs,1,prod_PBJCEWAWkv2XEs
ii_1OMyE2Io6jaRQtI8mDgy8b7S,"300,00",in_1OMyE1Io6jaRQtI8Gy36syUs,1,prod_PBJCEWAWkv2XEs
ii_1OMyE1Io6jaRQtI8kLkxILeL,"300,00",in_1OMyE1Io6jaRQtI8Gy36syUs,1,prod_PBJCEWAWkv2XEs
ii_1OMyDyIo6jaRQtI8iUruCKmP,"300,00",in_1OMyDxIo6jaRQtI8fBHIfuvO,1,prod_PBJCEWAWkv2XEs
ii_1OMyDyIo6jaRQtI8GeM6Vdn7,"100,00",in_1OMyDxIo6jaRQtI8fBHIfuvO,1,prod_PBJDVICHUNfwcI
ii_1OMyDxIo6jaRQtI86YfCQT1R,"300,00",in_1OMyDxIo6jaRQtI8fBHIfuvO,1,prod_PBJCEWAWkv2XEs
ii_1OMyDuIo6jaRQtI8rWu5eHSN,"300,00",in_1OMyDtIo6jaRQtI8NG7TlQBZ,1,prod_PBJCEWAWkv2XEs
ii_1OMyDtIo6jaRQtI8rn8uNqVB,"150,00",in_1OMyDtIo6jaRQtI8NG7TlQBZ,1,prod_PBJHrkOBiqsiMH
ii_1OMyDtIo6jaRQtI8oztcTT2x,"300,00",in_1OMyDtIo6jaRQtI8NG7TlQBZ,1,prod_PBJCEWAWkv2XEs
ii_1OMyDqIo6jaRQtI85lKTKinT,"150,00",in_1OMyDoIo6jaRQtI8RM6fMVEI,1,prod_PBJHrkOBiqsiMH
ii_1OMyDpIo6jaRQtI82Vooa8d7,"100,00",in_1OMyDoIo6jaRQtI8RM6fMVEI,1,prod_PBJDVICHUNfwcI
ii_1OMyDpIo6jaRQtI8UcgPibiE,"100,00",in_1OMyDoIo6jaRQtI8RM6fMVEI,1,prod_PBJDVICHUNfwcI
ii_1OMyDlIo6jaRQtI8CT206IE6,"150,00",in_1OMyDkIo6jaRQtI8rPhwawOP,1,prod_PBJHrkOBiqsiMH
ii_1OMyDlIo6jaRQtI8ayTNifJq,"150,00",in_1OMyDkIo6jaRQtI8rPhwawOP,1,prod_PBJHrkOBiqsiMH
ii_1OMyDlIo6jaRQtI8taIm1Tzf,"300,00",in_1OMyDkIo6jaRQtI8rPhwawOP,1,prod_PBJCEWAWkv2XEs
ii_1OMyDhIo6jaRQtI8BNXYMtpL,"150,00",in_1OMyDgIo6jaRQtI8n5zEihJ6,1,prod_PBJHrkOBiqsiMH
ii_1OMyDhIo6jaRQtI8o77XwIc4,"150,00",in_1OMyDgIo6jaRQtI8n5zEihJ6,1,prod_PBJHrkOBiqsiMH
ii_1OMyDhIo6jaRQtI8FTCkwg8V,"150,00",in_1OMyDgIo6jaRQtI8n5zEihJ6,1,prod_PBJHrkOBiqsiMH
ii_1OMyDdIo6jaRQtI8BIVsY7jF,"100,00",in_1OMyDcIo6jaRQtI8lZxS7AAc,1,prod_PBJDVICHUNfwcI
ii_1OMyDdIo6jaRQtI8SlfF49u3,"100,00",in_1OMyDcIo6jaRQtI8lZxS7AAc,1,prod_PBJDVICHUNfwcI
ii_1OMyDdIo6jaRQtI8T16UvLPA,"300,00",in_1OMyDcIo6jaRQtI8lZxS7AAc,1,prod_PBJCEWAWkv2XEs
ii_1OMyDZIo6jaRQtI8LvHQhXjT,"300,00",in_1OMyDYIo6jaRQtI8GsPw8utg,1,prod_PBJCEWAWkv2XEs
ii_1OMyDYIo6jaRQtI8nu0XGzwT,"150,00",in_1OMyDYIo6jaRQtI8GsPw8utg,1,prod_PBJHrkOBiqsiMH
ii_1OMyDYIo6jaRQtI8NeIo68xJ,"300,00",in_1OMyDYIo6jaRQtI8GsPw8utg,1,prod_PBJCEWAWkv2XEs
ii_1OMyDUIo6jaRQtI8UgvnuZp1,"150,00",in_1OMyDTIo6jaRQtI8kXcgbK1q,1,prod_PBJHrkOBiqsiMH
ii_1OMyDUIo6jaRQtI89xbknUs7,"300,00",in_1OMyDTIo6jaRQtI8kXcgbK1q,1,prod_PBJCEWAWkv2XEs
ii_1OMyDUIo6jaRQtI8TWacKkKZ,"100,00",in_1OMyDTIo6jaRQtI8kXcgbK1q,1,prod_PBJDVICHUNfwcI
ii_1OMyDQIo6jaRQtI8pGHG8Hsv,"100,00",in_1OMyDPIo6jaRQtI8Q03eEg40,1,prod_PBJDVICHUNfwcI
ii_1OMyDQIo6jaRQtI88SE9Favb,"100,00",in_1OMyDPIo6jaRQtI8Q03eEg40,1,prod_PBJDVICHUNfwcI
ii_1OMyDPIo6jaRQtI8263r9NjZ,"100,00",in_1OMyDPIo6jaRQtI8Q03eEg40,1,prod_PBJDVICHUNfwcI
ii_1OMyDMIo6jaRQtI8d9XNO8qI,"150,00",in_1OMyDLIo6jaRQtI8R5HdB1O6,1,prod_PBJHrkOBiqsiMH
ii_1OMyDMIo6jaRQtI8gRJkexeO,"300,00",in_1OMyDLIo6jaRQtI8R5HdB1O6,1,prod_PBJCEWAWkv2XEs
ii_1OMyDLIo6jaRQtI8HlrEbJ0J,"100,00",in_1OMyDLIo6jaRQtI8R5HdB1O6,1,prod_PBJDVICHUNfwcI
ii_1OMyDHIo6jaRQtI8AGtPyTVS,"300,00",in_1OMyDGIo6jaRQtI8baDiV11f,1,prod_PBJCEWAWkv2XEs
ii_1OMyDHIo6jaRQtI8XhPGSvaR,"150,00",in_1OMyDGIo6jaRQtI8baDiV11f,1,prod_PBJHrkOBiqsiMH
ii_1OMyDHIo6jaRQtI8vuiqhQEI,"100,00",in_1OMyDGIo6jaRQtI8baDiV11f,1,prod_PBJDVICHUNfwcI
ii_1OMyDCIo6jaRQtI8Y6HeAU5l,"300,00",in_1OMyDBIo6jaRQtI8Y3POMlLA,1,prod_PBJCEWAWkv2XEs
ii_1OMyDCIo6jaRQtI8hYMlscj8,"100,00",in_1OMyDBIo6jaRQtI8Y3POMlLA,1,prod_PBJDVICHUNfwcI
ii_1OMyDCIo6jaRQtI8uMhAsNxA,"150,00",in_1OMyDBIo6jaRQtI8Y3POMlLA,1,prod_PBJHrkOBiqsiMH
ii_1OMyD8Io6jaRQtI8I57lEsCV,"300,00",in_1OMyD7Io6jaRQtI83PyHHBm5,1,prod_PBJCEWAWkv2XEs
ii_1OMyD8Io6jaRQtI8RrOec9tT,"300,00",in_1OMyD7Io6jaRQtI83PyHHBm5,1,prod_PBJCEWAWkv2XEs
ii_1OMyD7Io6jaRQtI8TFHx9tfs,"300,00",in_1OMyD7Io6jaRQtI83PyHHBm5,1,prod_PBJCEWAWkv2XEs
ii_1OMyD4Io6jaRQtI8o2O4DU6k,"300,00",in_1OMyD2Io6jaRQtI8lfw4NlXZ,1,prod_PBJCEWAWkv2XEs
ii_1OMyD3Io6jaRQtI8ETU46RrM,"150,00",in_1OMyD2Io6jaRQtI8lfw4NlXZ,1,prod_PBJHrkOBiqsiMH
ii_1OMyD3Io6jaRQtI86BZUilQT,"300,00",in_1OMyD2Io6jaRQtI8lfw4NlXZ,1,prod_PBJCEWAWkv2XEs
ii_1OMyCzIo6jaRQtI8zItjHJ69,"150,00",in_1OMyCyIo6jaRQtI8WUqDTR1l,1,prod_PBJHrkOBiqsiMH
ii_1OMyCzIo6jaRQtI8NhfBqGaS,"300,00",in_1OMyCyIo6jaRQtI8WUqDTR1l,1,prod_PBJCEWAWkv2XEs
ii_1OMyCzIo6jaRQtI8UY2VyQZr,"150,00",in_1OMyCyIo6jaRQtI8WUqDTR1l,1,prod_PBJHrkOBiqsiMH
ii_1OMyCvIo6jaRQtI8MQlY979A,"100,00",in_1OMyCtIo6jaRQtI8mxtxTWv6,1,prod_PBJDVICHUNfwcI
ii_1OMyCuIo6jaRQtI8zgIRmQNS,"300,00",in_1OMyCtIo6jaRQtI8mxtxTWv6,1,prod_PBJCEWAWkv2XEs
ii_1OMyCuIo6jaRQtI8DhQHgL7P,"150,00",in_1OMyCtIo6jaRQtI8mxtxTWv6,1,prod_PBJHrkOBiqsiMH
ii_1OMyCqIo6jaRQtI8aU9n7UcT,"300,00",in_1OMyCpIo6jaRQtI8IkY21mtt,1,prod_PBJCEWAWkv2XEs
ii_1OMyCqIo6jaRQtI8q7pA55CD,"300,00",in_1OMyCpIo6jaRQtI8IkY21mtt,1,prod_PBJCEWAWkv2XEs
ii_1OMyCpIo6jaRQtI8yXzxE7KU,"300,00",in_1OMyCpIo6jaRQtI8IkY21mtt,1,prod_PBJCEWAWkv2XEs
ii_1OMyCmIo6jaRQtI8iStxCfno,"150,00",in_1OMyCkIo6jaRQtI8SDKBdV6J,1,prod_PBJHrkOBiqsiMH
ii_1OMyClIo6jaRQtI8kPfWwzjD,"150,00",in_1OMyCkIo6jaRQtI8SDKBdV6J,1,prod_PBJHrkOBiqsiMH
ii_1OMyClIo6jaRQtI8UX4PLGKD,"100,00",in_1OMyCkIo6jaRQtI8SDKBdV6J,1,prod_PBJDVICHUNfwcI
ii_1OMyChIo6jaRQtI865ArPXOK,"150,00",in_1OMyCgIo6jaRQtI8Edw8Af4r,1,prod_PBJHrkOBiqsiMH
ii_1OMyChIo6jaRQtI8dGj03bs3,"300,00",in_1OMyCgIo6jaRQtI8Edw8Af4r,1,prod_PBJCEWAWkv2XEs
ii_1OMyCgIo6jaRQtI8l5chbnrc,"300,00",in_1OMyCgIo6jaRQtI8Edw8Af4r,1,prod_PBJCEWAWkv2XEs
ii_1OMyCdIo6jaRQtI8ot3wnwp4,"300,00",in_1OMyCcIo6jaRQtI8e8hvRzvv,1,prod_PBJCEWAWkv2XEs
ii_1OMyCcIo6jaRQtI8K6jqwRtR,"150,00",in_1OMyCcIo6jaRQtI8e8hvRzvv,1,prod_PBJHrkOBiqsiMH
ii_1OMyCcIo6jaRQtI89wYuLsK1,"150,00",in_1OMyCcIo6jaRQtI8e8hvRzvv,1,prod_PBJHrkOBiqsiMH
ii_1OMyCZIo6jaRQtI80NtSWxcb,"100,00",in_1OMyCYIo6jaRQtI8V8o3TKU4,1,prod_PBJDVICHUNfwcI
ii_1OMyCYIo6jaRQtI8lDB0MMCk,"300,00",in_1OMyCYIo6jaRQtI8V8o3TKU4,1,prod_PBJCEWAWkv2XEs
ii_1OMyCYIo6jaRQtI88rVQRD3C,"100,00",in_1OMyCYIo6jaRQtI8V8o3TKU4,1,prod_PBJDVICHUNfwcI
ii_1OMyCVIo6jaRQtI8hJ7x3W9u,"150,00",in_1OMyCUIo6jaRQtI8B0ENCWfz,1,prod_PBJHrkOBiqsiMH
ii_1OMyCUIo6jaRQtI886zutiQ9,"300,00",in_1OMyCUIo6jaRQtI8B0ENCWfz,1,prod_PBJCEWAWkv2XEs
ii_1OMyCUIo6jaRQtI87L4tQGW5,"300,00",in_1OMyCUIo6jaRQtI8B0ENCWfz,1,prod_PBJCEWAWkv2XEs
ii_1OMyCRIo6jaRQtI8AdBdPn9i,"300,00",in_1OMyCPIo6jaRQtI8eX2788CQ,1,prod_PBJCEWAWkv2XEs
ii_1OMyCQIo6jaRQtI8WAkZJAzJ,"150,00",in_1OMyCPIo6jaRQtI8eX2788CQ,1,prod_PBJHrkOBiqsiMH
ii_1OMyCQIo6jaRQtI8Px9JLDPe,"150,00",in_1OMyCPIo6jaRQtI8eX2788CQ,1,prod_PBJHrkOBiqsiMH
ii_1OMyCMIo6jaRQtI8PcOkR7On,"300,00",in_1OMyCLIo6jaRQtI8HGP717IK,1,prod_PBJCEWAWkv2XEs
ii_1OMyCMIo6jaRQtI8zrXOoyA0,"300,00",in_1OMyCLIo6jaRQtI8HGP717IK,1,prod_PBJCEWAWkv2XEs
ii_1OMyCMIo6jaRQtI8LkxXYLdO,"100,00",in_1OMyCLIo6jaRQtI8HGP717IK,1,prod_PBJDVICHUNfwcI
ii_1OMyCIIo6jaRQtI842NaeemZ,"100,00",in_1OMyCHIo6jaRQtI82E0J4gSS,1,prod_PBJDVICHUNfwcI
ii_1OMyCIIo6jaRQtI88jX9G6np,"100,00",in_1OMyCHIo6jaRQtI82E0J4gSS,1,prod_PBJDVICHUNfwcI
ii_1OMyCHIo6jaRQtI8tRtcBK9A,"300,00",in_1OMyCHIo6jaRQtI82E0J4gSS,1,prod_PBJCEWAWkv2XEs
ii_1OMyCEIo6jaRQtI8RA5ozT7u,"150,00",in_1OMyCDIo6jaRQtI8CJrxDwlg,1,prod_PBJHrkOBiqsiMH
ii_1OMyCEIo6jaRQtI8AMEM2sA4,"300,00",in_1OMyCDIo6jaRQtI8CJrxDwlg,1,prod_PBJCEWAWkv2XEs
ii_1OMyCDIo6jaRQtI8meN313WN,"300,00",in_1OMyCDIo6jaRQtI8CJrxDwlg,1,prod_PBJCEWAWkv2XEs
ii_1OMyC9Io6jaRQtI8kEzaeupw,"150,00",in_1OMyC8Io6jaRQtI8BmCoWy9j,1,prod_PBJHrkOBiqsiMH
ii_1OMyC9Io6jaRQtI8pGTkrwpA,"100,00",in_1OMyC8Io6jaRQtI8BmCoWy9j,1,prod_PBJDVICHUNfwcI
ii_1OMyC9Io6jaRQtI8aSJRxIEd,"150,00",in_1OMyC8Io6jaRQtI8BmCoWy9j,1,prod_PBJHrkOBiqsiMH
ii_1OMyC5Io6jaRQtI8xBd1Fwwx,"150,00",in_1OMyC4Io6jaRQtI8Fnam2oYp,1,prod_PBJHrkOBiqsiMH
ii_1OMyC5Io6jaRQtI8VHWxwuIy,"150,00",in_1OMyC4Io6jaRQtI8Fnam2oYp,1,prod_PBJHrkOBiqsiMH
ii_1OMyC5Io6jaRQtI8mmOzTklX,"300,00",in_1OMyC4Io6jaRQtI8Fnam2oYp,1,prod_PBJCEWAWkv2XEs
ii_1OMyC1Io6jaRQtI8Rppx5SpG,"100,00",in_1OMyC0Io6jaRQtI8sp9Tjxf7,1,prod_PBJDVICHUNfwcI
ii_1OMyC1Io6jaRQtI8MDXR0aht,"300,00",in_1OMyC0Io6jaRQtI8sp9Tjxf7,1,prod_PBJCEWAWkv2XEs
ii_1OMyC0Io6jaRQtI8EsobWrP0,"150,00",in_1OMyC0Io6jaRQtI8sp9Tjxf7,1,prod_PBJHrkOBiqsiMH
ii_1OMyBxIo6jaRQtI8dwQ7jYVx,"300,00",in_1OMyBvIo6jaRQtI8AfqFjhB4,1,prod_PBJCEWAWkv2XEs
ii_1OMyBwIo6jaRQtI8W9yD75zg,"100,00",in_1OMyBvIo6jaRQtI8AfqFjhB4,1,prod_PBJDVICHUNfwcI
ii_1OMyBwIo6jaRQtI8n1XkgR6E,"300,00",in_1OMyBvIo6jaRQtI8AfqFjhB4,1,prod_PBJCEWAWkv2XEs
ii_1OMyBsIo6jaRQtI8M0n9hVge,"150,00",in_1OMyBrIo6jaRQtI8AtLo7XKE,1,prod_PBJHrkOBiqsiMH
ii_1OMyBsIo6jaRQtI8gzu6c9eY,"300,00",in_1OMyBrIo6jaRQtI8AtLo7XKE,1,prod_PBJCEWAWkv2XEs
ii_1OMyBsIo6jaRQtI81MQnmahF,"300,00",in_1OMyBrIo6jaRQtI8AtLo7XKE,1,prod_PBJCEWAWkv2XEs
ii_1OMyBoIo6jaRQtI8mswL1JIZ,"300,00",in_1OMyBnIo6jaRQtI802DgVg4N,1,prod_PBJCEWAWkv2XEs
ii_1OMyBoIo6jaRQtI8cijI6NPP,"150,00",in_1OMyBnIo6jaRQtI802DgVg4N,1,prod_PBJHrkOBiqsiMH
ii_1OMyBnIo6jaRQtI8aBMcH0Ov,"300,00",in_1OMyBnIo6jaRQtI802DgVg4N,1,prod_PBJCEWAWkv2XEs
ii_1OMyBkIo6jaRQtI8cfKLOgS3,"150,00",in_1OMyBjIo6jaRQtI8tTsRghZP,1,prod_PBJHrkOBiqsiMH
ii_1OMyBjIo6jaRQtI8m8gylBMi,"300,00",in_1OMyBjIo6jaRQtI8tTsRghZP,1,prod_PBJCEWAWkv2XEs
ii_1OMyBjIo6jaRQtI82hDxJR7Y,"100,00",in_1OMyBjIo6jaRQtI8tTsRghZP,1,prod_PBJDVICHUNfwcI
ii_1OMyBgIo6jaRQtI8yqchWi2s,"150,00",in_1OMyBeIo6jaRQtI89DFFwNV8,1,prod_PBJHrkOBiqsiMH
ii_1OMyBfIo6jaRQtI8uaStFbUg,"150,00",in_1OMyBeIo6jaRQtI89DFFwNV8,1,prod_PBJHrkOBiqsiMH
ii_1OMyBfIo6jaRQtI8epUKw4K7,"150,00",in_1OMyBeIo6jaRQtI89DFFwNV8,1,prod_PBJHrkOBiqsiMH
ii_1OMyBbIo6jaRQtI89pEthR9l,"150,00",in_1OMyBaIo6jaRQtI8DRa8vO6S,1,prod_PBJHrkOBiqsiMH
ii_1OMyBbIo6jaRQtI8UMD4ON97,"300,00",in_1OMyBaIo6jaRQtI8DRa8vO6S,1,prod_PBJCEWAWkv2XEs
ii_1OMyBbIo6jaRQtI8TnLUlo09,"100,00",in_1OMyBaIo6jaRQtI8DRa8vO6S,1,prod_PBJDVICHUNfwcI
ii_1OMyBXIo6jaRQtI830xrKJz2,"150,00",in_1OMyBWIo6jaRQtI8aGxC6dXn,1,prod_PBJHrkOBiqsiMH
ii_1OMyBXIo6jaRQtI8QocoRxrb,"300,00",in_1OMyBWIo6jaRQtI8aGxC6dXn,1,prod_PBJCEWAWkv2XEs
ii_1OMyBWIo6jaRQtI8hDI55Byl,"300,00",in_1OMyBWIo6jaRQtI8aGxC6dXn,1,prod_PBJCEWAWkv2XEs
ii_1OMyBTIo6jaRQtI8HkaoQblt,"150,00",in_1OMyBSIo6jaRQtI8uj3KxwY6,1,prod_PBJHrkOBiqsiMH
ii_1OMyBSIo6jaRQtI8arDPvRcE,"300,00",in_1OMyBSIo6jaRQtI8uj3KxwY6,1,prod_PBJCEWAWkv2XEs
ii_1OMyBSIo6jaRQtI8Cbe1fn4K,"150,00",in_1OMyBSIo6jaRQtI8uj3KxwY6,1,prod_PBJHrkOBiqsiMH
ii_1OMyBOIo6jaRQtI8ZZkqxfIM,"150,00",in_1OMyBNIo6jaRQtI8023nIkmO,1,prod_PBJHrkOBiqsiMH
ii_1OMyBOIo6jaRQtI86JKTbsec,"300,00",in_1OMyBNIo6jaRQtI8023nIkmO,1,prod_PBJCEWAWkv2XEs
ii_1OMyBNIo6jaRQtI8Zpdo61A2,"100,00",in_1OMyBNIo6jaRQtI8023nIkmO,1,prod_PBJDVICHUNfwcI
ii_1OMyBKIo6jaRQtI8GpCDsoOC,"150,00",in_1OMyBJIo6jaRQtI8EuJCqGZi,1,prod_PBJHrkOBiqsiMH
ii_1OMyBJIo6jaRQtI88YuqiTk2,"150,00",in_1OMyBJIo6jaRQtI8EuJCqGZi,1,prod_PBJHrkOBiqsiMH
ii_1OMyBJIo6jaRQtI8UmMBy2SV,"150,00",in_1OMyBJIo6jaRQtI8EuJCqGZi,1,prod_PBJHrkOBiqsiMH
ii_1OMyBFIo6jaRQtI8YrFXhtKz,"300,00",in_1OMyBEIo6jaRQtI80IYjS87I,1,prod_PBJCEWAWkv2XEs
ii_1OMyBFIo6jaRQtI84mIRXjlb,"100,00",in_1OMyBEIo6jaRQtI80IYjS87I,1,prod_PBJDVICHUNfwcI
ii_1OMyBEIo6jaRQtI82weT37Ml,"100,00",in_1OMyBEIo6jaRQtI80IYjS87I,1,prod_PBJDVICHUNfwcI
ii_1OMyBBIo6jaRQtI87bFdWT49,"100,00",in_1OMyBAIo6jaRQtI8hx6v72Oo,1,prod_PBJDVICHUNfwcI
ii_1OMyBBIo6jaRQtI8aqqOrjkT,"150,00",in_1OMyBAIo6jaRQtI8hx6v72Oo,1,prod_PBJHrkOBiqsiMH
ii_1OMyBBIo6jaRQtI8cvj8JHTW,"300,00",in_1OMyBAIo6jaRQtI8hx6v72Oo,1,prod_PBJCEWAWkv2XEs
ii_1OMyB7Io6jaRQtI8ZJ5YOhba,"100,00",in_1OMyB6Io6jaRQtI8PP292jQx,1,prod_PBJDVICHUNfwcI
ii_1OMyB7Io6jaRQtI8GUK6rZPa,"300,00",in_1OMyB6Io6jaRQtI8PP292jQx,1,prod_PBJCEWAWkv2XEs
ii_1OMyB6Io6jaRQtI81ogog2SD,"300,00",in_1OMyB6Io6jaRQtI8PP292jQx,1,prod_PBJCEWAWkv2XEs
ii_1OMyB2Io6jaRQtI8FZebn73I,"150,00",in_1OMyB1Io6jaRQtI8hB464TJr,1,prod_PBJHrkOBiqsiMH
ii_1OMyB2Io6jaRQtI8cy9Z6e38,"100,00",in_1OMyB1Io6jaRQtI8hB464TJr,1,prod_PBJDVICHUNfwcI
ii_1OMyB2Io6jaRQtI8evCcsCz4,"300,00",in_1OMyB1Io6jaRQtI8hB464TJr,1,prod_PBJCEWAWkv2XEs
ii_1OMyAyIo6jaRQtI8qSJC30Zt,"100,00",in_1OMyAxIo6jaRQtI86PuOOy7V,1,prod_PBJDVICHUNfwcI
ii_1OMyAxIo6jaRQtI8jOwtmOz1,"150,00",in_1OMyAxIo6jaRQtI86PuOOy7V,1,prod_PBJHrkOBiqsiMH
ii_1OMyAxIo6jaRQtI8JIGJ5Vo8,"150,00",in_1OMyAxIo6jaRQtI86PuOOy7V,1,prod_PBJHrkOBiqsiMH
ii_1OMyAtIo6jaRQtI8vpxNZiA7,"150,00",in_1OMyAsIo6jaRQtI8f3c1NM4b,1,prod_PBJHrkOBiqsiMH
ii_1OMyAtIo6jaRQtI8siiaamce,"100,00",in_1OMyAsIo6jaRQtI8f3c1NM4b,1,prod_PBJDVICHUNfwcI
ii_1OMyAsIo6jaRQtI85yUQPhoy,"300,00",in_1OMyAsIo6jaRQtI8f3c1NM4b,1,prod_PBJCEWAWkv2XEs
ii_1OMyApIo6jaRQtI8tIL1OD9O,"150,00",in_1OMyAoIo6jaRQtI8mDItbp6I,1,prod_PBJHrkOBiqsiMH
ii_1OMyApIo6jaRQtI8eqMmCgJi,"300,00",in_1OMyAoIo6jaRQtI8mDItbp6I,1,prod_PBJCEWAWkv2XEs
ii_1OMyAoIo6jaRQtI8omrdksDw,"300,00",in_1OMyAoIo6jaRQtI8mDItbp6I,1,prod_PBJCEWAWkv2XEs
ii_1OMyAlIo6jaRQtI8wpPKCX7w,"100,00",in_1OMyAkIo6jaRQtI86mjpTdyM,1,prod_PBJDVICHUNfwcI
ii_1OMyAlIo6jaRQtI8Jewsqlwv,"300,00",in_1OMyAkIo6jaRQtI86mjpTdyM,1,prod_PBJCEWAWkv2XEs
ii_1OMyAkIo6jaRQtI89bjQjZL5,"300,00",in_1OMyAkIo6jaRQtI86mjpTdyM,1,prod_PBJCEWAWkv2XEs
ii_1OMyAhIo6jaRQtI8QhBIay5F,"150,00",in_1OMyAfIo6jaRQtI84hU7TrZQ,1,prod_PBJHrkOBiqsiMH
ii_1OMyAgIo6jaRQtI8kbcedCNI,"100,00",in_1OMyAfIo6jaRQtI84hU7TrZQ,1,prod_PBJDVICHUNfwcI
ii_1OMyAgIo6jaRQtI8iTzqsPcF,"300,00",in_1OMyAfIo6jaRQtI84hU7TrZQ,1,prod_PBJCEWAWkv2XEs
ii_1OMyAcIo6jaRQtI8bnvfc2DB,"150,00",in_1OMyAbIo6jaRQtI8hHbH7zhf,1,prod_PBJHrkOBiqsiMH
ii_1OMyAcIo6jaRQtI8jLTQWC1w,"150,00",in_1OMyAbIo6jaRQtI8hHbH7zhf,1,prod_PBJHrkOBiqsiMH
ii_1OMyAcIo6jaRQtI82yWxEvXt,"150,00",in_1OMyAbIo6jaRQtI8hHbH7zhf,1,prod_PBJHrkOBiqsiMH
ii_1OMyAYIo6jaRQtI8I0ppVrDP,"300,00",in_1OMyAXIo6jaRQtI8cqmJxImI,1,prod_PBJCEWAWkv2XEs
ii_1OMyAXIo6jaRQtI8zQsEQ38k,"300,00",in_1OMyAXIo6jaRQtI8cqmJxImI,1,prod_PBJCEWAWkv2XEs
ii_1OMyAXIo6jaRQtI8tG5wERx9,"300,00",in_1OMyAXIo6jaRQtI8cqmJxImI,1,prod_PBJCEWAWkv2XEs
ii_1OMyATIo6jaRQtI8mCs70W1u,"300,00",in_1OMyASIo6jaRQtI8TpqTzLj6,1,prod_PBJCEWAWkv2XEs
ii_1OMyATIo6jaRQtI82h1Nm02n,"150,00",in_1OMyASIo6jaRQtI8TpqTzLj6,1,prod_PBJHrkOBiqsiMH
ii_1OMyASIo6jaRQtI8FbUDhevR,"100,00",in_1OMyASIo6jaRQtI8TpqTzLj6,1,prod_PBJDVICHUNfwcI
ii_1OMyAPIo6jaRQtI8dKbRYYMS,"100,00",in_1OMyANIo6jaRQtI8N2ZpkoVo,1,prod_PBJDVICHUNfwcI
ii_1OMyAOIo6jaRQtI8b6PdFzOC,"300,00",in_1OMyANIo6jaRQtI8N2ZpkoVo,1,prod_PBJCEWAWkv2XEs
ii_1OMyAOIo6jaRQtI8frre1oG8,"100,00",in_1OMyANIo6jaRQtI8N2ZpkoVo,1,prod_PBJDVICHUNfwcI
ii_1OMyALIo6jaRQtI83AvmDV5z,"100,00",in_1OMyAJIo6jaRQtI8u1LnInh3,1,prod_PBJDVICHUNfwcI
ii_1OMyAKIo6jaRQtI8YkXFW70G,"150,00",in_1OMyAJIo6jaRQtI8u1LnInh3,1,prod_PBJHrkOBiqsiMH
ii_1OMyAKIo6jaRQtI86k7tRTaF,"100,00",in_1OMyAJIo6jaRQtI8u1LnInh3,1,prod_PBJDVICHUNfwcI
ii_1OMyAGIo6jaRQtI8aevpo7mR,"150,00",in_1OMyAFIo6jaRQtI8TIYaqsJQ,1,prod_PBJHrkOBiqsiMH
ii_1OMyAGIo6jaRQtI8g8rvpOD5,"100,00",in_1OMyAFIo6jaRQtI8TIYaqsJQ,1,prod_PBJDVICHUNfwcI
ii_1OMyAFIo6jaRQtI8YyL08XMc,"150,00",in_1OMyAFIo6jaRQtI8TIYaqsJQ,1,prod_PBJHrkOBiqsiMH
ii_1OMyACIo6jaRQtI8LxLLsE9D,"100,00",in_1OMyAAIo6jaRQtI8qSW8yFSm,1,prod_PBJDVICHUNfwcI
ii_1OMyABIo6jaRQtI8drESxZha,"100,00",in_1OMyAAIo6jaRQtI8qSW8yFSm,1,prod_PBJDVICHUNfwcI
ii_1OMyABIo6jaRQtI8smeucwi9,"150,00",in_1OMyAAIo6jaRQtI8qSW8yFSm,1,prod_PBJHrkOBiqsiMH
ii_1OMyA7Io6jaRQtI81ock3Ljv,"100,00",in_1OMyA6Io6jaRQtI8o94qYukQ,1,prod_PBJDVICHUNfwcI
ii_1OMyA7Io6jaRQtI8UzRjSVCg,"150,00",in_1OMyA6Io6jaRQtI8o94qYukQ,1,prod_PBJHrkOBiqsiMH
ii_1OMyA7Io6jaRQtI8CaEfuZnK,"100,00",in_1OMyA6Io6jaRQtI8o94qYukQ,1,prod_PBJDVICHUNfwcI
ii_1OMyA3Io6jaRQtI8ENvRKW6q,"150,00",in_1OMyA2Io6jaRQtI8x4ADGHzV,1,prod_PBJHrkOBiqsiMH
ii_1OMyA3Io6jaRQtI8JYw5YnU9,"100,00",in_1OMyA2Io6jaRQtI8x4ADGHzV,1,prod_PBJDVICHUNfwcI
ii_1OMyA2Io6jaRQtI8Dfbckfjy,"100,00",in_1OMyA2Io6jaRQtI8x4ADGHzV,1,prod_PBJDVICHUNfwcI
ii_1OMy9yIo6jaRQtI8po07B49Y,"100,00",in_1OMy9xIo6jaRQtI8qVhHqXBi,1,prod_PBJDVICHUNfwcI
ii_1OMy9yIo6jaRQtI8cHpfl0Lp,"150,00",in_1OMy9xIo6jaRQtI8qVhHqXBi,1,prod_PBJHrkOBiqsiMH
ii_1OMy9xIo6jaRQtI8CCMMzdeW,"100,00",in_1OMy9xIo6jaRQtI8qVhHqXBi,1,prod_PBJDVICHUNfwcI
ii_1OMy9uIo6jaRQtI8nTZgs5y8,"100,00",in_1OMy9tIo6jaRQtI8gDGjD6QH,1,prod_PBJDVICHUNfwcI
ii_1OMy9uIo6jaRQtI8iCI1YrOk,"300,00",in_1OMy9tIo6jaRQtI8gDGjD6QH,1,prod_PBJCEWAWkv2XEs
ii_1OMy9tIo6jaRQtI8yEA1aNsm,"150,00",in_1OMy9tIo6jaRQtI8gDGjD6QH,1,prod_PBJHrkOBiqsiMH
ii_1OMy9pIo6jaRQtI8XJ0wh35o,"300,00",in_1OMy9oIo6jaRQtI8gEN04zqg,1,prod_PBJCEWAWkv2XEs
ii_1OMy9pIo6jaRQtI87fbADw1P,"100,00",in_1OMy9oIo6jaRQtI8gEN04zqg,1,prod_PBJDVICHUNfwcI
ii_1OMy9pIo6jaRQtI8Zyq3wc4B,"300,00",in_1OMy9oIo6jaRQtI8gEN04zqg,1,prod_PBJCEWAWkv2XEs
ii_1OMy9lIo6jaRQtI8NBllA10F,"150,00",in_1OMy9kIo6jaRQtI8Lk5nlIrS,1,prod_PBJHrkOBiqsiMH
ii_1OMy9lIo6jaRQtI8FN9ncuXe,"100,00",in_1OMy9kIo6jaRQtI8Lk5nlIrS,1,prod_PBJDVICHUNfwcI
ii_1OMy9kIo6jaRQtI85pVNB6me,"100,00",in_1OMy9kIo6jaRQtI8Lk5nlIrS,1,prod_PBJDVICHUNfwcI
ii_1OMy9hIo6jaRQtI8FcqK38Tz,"100,00",in_1OMy9gIo6jaRQtI84t9jJzYU,1,prod_PBJDVICHUNfwcI
ii_1OMy9hIo6jaRQtI8XfEuAynm,"150,00",in_1OMy9gIo6jaRQtI84t9jJzYU,1,prod_PBJHrkOBiqsiMH
ii_1OMy9gIo6jaRQtI8Oobm8Y1S,"100,00",in_1OMy9gIo6jaRQtI84t9jJzYU,1,prod_PBJDVICHUNfwcI
ii_1OMy9dIo6jaRQtI8lz2l1BS2,"150,00",in_1OMy9cIo6jaRQtI8nuMkIK0U,1,prod_PBJHrkOBiqsiMH
ii_1OMy9cIo6jaRQtI8ApFXQaoQ,"300,00",in_1OMy9cIo6jaRQtI8nuMkIK0U,1,prod_PBJCEWAWkv2XEs
ii_1OMy9cIo6jaRQtI8CMPfgz6E,"100,00",in_1OMy9cIo6jaRQtI8nuMkIK0U,1,prod_PBJDVICHUNfwcI
ii_1OMy9ZIo6jaRQtI86f6limkR,"100,00",in_1OMy9YIo6jaRQtI8tjolINJi,1,prod_PBJDVICHUNfwcI
ii_1OMy9YIo6jaRQtI8y8WrpDXE,"100,00",in_1OMy9YIo6jaRQtI8tjolINJi,1,prod_PBJDVICHUNfwcI
ii_1OMy9YIo6jaRQtI89hUZ3JEX,"150,00",in_1OMy9YIo6jaRQtI8tjolINJi,1,prod_PBJHrkOBiqsiMH
ii_1OMy9VIo6jaRQtI8xo0cjFil,"150,00",in_1OMy9TIo6jaRQtI8VyoTbjIk,1,prod_PBJHrkOBiqsiMH
ii_1OMy9UIo6jaRQtI8GHZQwYEN,"150,00",in_1OMy9TIo6jaRQtI8VyoTbjIk,1,prod_PBJHrkOBiqsiMH
ii_1OMy9UIo6jaRQtI86LrvY3a4,"100,00",in_1OMy9TIo6jaRQtI8VyoTbjIk,1,prod_PBJDVICHUNfwcI
ii_1OMy9QIo6jaRQtI83gsxgOXr,"300,00",in_1OMy9PIo6jaRQtI81728eOUy,1,prod_PBJCEWAWkv2XEs
ii_1OMy9QIo6jaRQtI8OsHAYKjY,"300,00",in_1OMy9PIo6jaRQtI81728eOUy,1,prod_PBJCEWAWkv2XEs
ii_1OMy9PIo6jaRQtI8yaQG9c7Z,"100,00",in_1OMy9PIo6jaRQtI81728eOUy,1,prod_PBJDVICHUNfwcI
ii_1OMy9MIo6jaRQtI8LrfMk0U5,"150,00",in_1OMy9LIo6jaRQtI8sAJ7sjsf,1,prod_PBJHrkOBiqsiMH
ii_1OMy9MIo6jaRQtI8Liz09Agj,"150,00",in_1OMy9LIo6jaRQtI8sAJ7sjsf,1,prod_PBJHrkOBiqsiMH
ii_1OMy9LIo6jaRQtI85GA7XQdA,"150,00",in_1OMy9LIo6jaRQtI8sAJ7sjsf,1,prod_PBJHrkOBiqsiMH
ii_1OMy9IIo6jaRQtI8SuXg7uUb,"100,00",in_1OMy9HIo6jaRQtI8xqDgJw5J,1,prod_PBJDVICHUNfwcI
ii_1OMy9IIo6jaRQtI8PqlmkdTu,"100,00",in_1OMy9HIo6jaRQtI8xqDgJw5J,1,prod_PBJDVICHUNfwcI
ii_1OMy9HIo6jaRQtI8LoOjHdCO,"100,00",in_1OMy9HIo6jaRQtI8xqDgJw5J,1,prod_PBJDVICHUNfwcI
ii_1OMy9DIo6jaRQtI8FLRoWtCK,"150,00",in_1OMy9CIo6jaRQtI87irJAK36,1,prod_PBJHrkOBiqsiMH
ii_1OMy9DIo6jaRQtI8HQZD6NqS,"300,00",in_1OMy9CIo6jaRQtI87irJAK36,1,prod_PBJCEWAWkv2XEs
ii_1OMy9DIo6jaRQtI82mQkfdBf,"150,00",in_1OMy9CIo6jaRQtI87irJAK36,1,prod_PBJHrkOBiqsiMH
ii_1OMy99Io6jaRQtI8DC98mdEa,"100,00",in_1OMy98Io6jaRQtI8EWb82e6q,1,prod_PBJDVICHUNfwcI
ii_1OMy99Io6jaRQtI8hjMzP11I,"150,00",in_1OMy98Io6jaRQtI8EWb82e6q,1,prod_PBJHrkOBiqsiMH
ii_1OMy98Io6jaRQtI8XhwTyLuV,"100,00",in_1OMy98Io6jaRQtI8EWb82e6q,1,prod_PBJDVICHUNfwcI
ii_1OMy94Io6jaRQtI8Nigmcshh,"300,00",in_1OMy93Io6jaRQtI8ZQPdUsYM,1,prod_PBJCEWAWkv2XEs
ii_1OMy94Io6jaRQtI8NpUgkm6p,"150,00",in_1OMy93Io6jaRQtI8ZQPdUsYM,1,prod_PBJHrkOBiqsiMH
ii_1OMy93Io6jaRQtI8tKxWinUJ,"100,00",in_1OMy93Io6jaRQtI8ZQPdUsYM,1,prod_PBJDVICHUNfwcI
ii_1OMy90Io6jaRQtI83tWIwsz5,"150,00",in_1OMy8yIo6jaRQtI8eB7x4iTr,1,prod_PBJHrkOBiqsiMH
ii_1OMy8zIo6jaRQtI8W2fjuj7d,"100,00",in_1OMy8yIo6jaRQtI8eB7x4iTr,1,prod_PBJDVICHUNfwcI
ii_1OMy8zIo6jaRQtI8DLZQKQDZ,"150,00",in_1OMy8yIo6jaRQtI8eB7x4iTr,1,prod_PBJHrkOBiqsiMH
ii_1OMy8vIo6jaRQtI8prPh3UUm,"100,00",in_1OMy8uIo6jaRQtI8MC0JrkxD,1,prod_PBJDVICHUNfwcI
ii_1OMy8vIo6jaRQtI8LTgrHzqO,"300,00",in_1OMy8uIo6jaRQtI8MC0JrkxD,1,prod_PBJCEWAWkv2XEs
ii_1OMy8uIo6jaRQtI8evhIsTMh,"100,00",in_1OMy8uIo6jaRQtI8MC0JrkxD,1,prod_PBJDVICHUNfwcI
ii_1OMy8rIo6jaRQtI8OjhXQqxx,"150,00",in_1OMy8qIo6jaRQtI8J99Bjl5c,1,prod_PBJHrkOBiqsiMH
ii_1OMy8qIo6jaRQtI8uuAgBxzR,"150,00",in_1OMy8qIo6jaRQtI8J99Bjl5c,1,prod_PBJHrkOBiqsiMH
ii_1OMy8qIo6jaRQtI8rvsX2byG,"100,00",in_1OMy8qIo6jaRQtI8J99Bjl5c,1,prod_PBJDVICHUNfwcI
ii_1OMy8mIo6jaRQtI8D6e3DH6c,"300,00",in_1OMy8lIo6jaRQtI8L37yxdTu,1,prod_PBJCEWAWkv2XEs
ii_1OMy8mIo6jaRQtI8Ynap6k8G,"100,00",in_1OMy8lIo6jaRQtI8L37yxdTu,1,prod_PBJDVICHUNfwcI
ii_1OMy8lIo6jaRQtI8wymt07vZ,"150,00",in_1OMy8lIo6jaRQtI8L37yxdTu,1,prod_PBJHrkOBiqsiMH
ii_1OMy8hIo6jaRQtI8VuUVNMeH,"150,00",in_1OMy8gIo6jaRQtI8UkJUatZS,1,prod_PBJHrkOBiqsiMH
ii_1OMy8hIo6jaRQtI8g33a0qoY,"300,00",in_1OMy8gIo6jaRQtI8UkJUatZS,1,prod_PBJCEWAWkv2XEs
ii_1OMy8hIo6jaRQtI8o1P4EwRP,"100,00",in_1OMy8gIo6jaRQtI8UkJUatZS,1,prod_PBJDVICHUNfwcI
ii_1OMy8dIo6jaRQtI8ieRGbW8o,"100,00",in_1OMy8cIo6jaRQtI8rxNdAd2O,1,prod_PBJDVICHUNfwcI
ii_1OMy8dIo6jaRQtI80OKsIA8I,"100,00",in_1OMy8cIo6jaRQtI8rxNdAd2O,1,prod_PBJDVICHUNfwcI
ii_1OMy8cIo6jaRQtI8PFbcmGXx,"150,00",in_1OMy8cIo6jaRQtI8rxNdAd2O,1,prod_PBJHrkOBiqsiMH
ii_1OMy8ZIo6jaRQtI805HhxXxS,"300,00",in_1OMy8XIo6jaRQtI8D6IUKLqq,1,prod_PBJCEWAWkv2XEs
ii_1OMy8YIo6jaRQtI8Wjfjgp01,"100,00",in_1OMy8XIo6jaRQtI8D6IUKLqq,1,prod_PBJDVICHUNfwcI
ii_1OMy8YIo6jaRQtI831PxW3nC,"100,00",in_1OMy8XIo6jaRQtI8D6IUKLqq,1,prod_PBJDVICHUNfwcI
ii_1OMy8UIo6jaRQtI8UN6CTacz,"300,00",in_1OMy8TIo6jaRQtI8zaxsOJNB,1,prod_PBJCEWAWkv2XEs
ii_1OMy8UIo6jaRQtI84akQGSEu,"150,00",in_1OMy8TIo6jaRQtI8zaxsOJNB,1,prod_PBJHrkOBiqsiMH
ii_1OMy8TIo6jaRQtI8DzCcRpHT,"100,00",in_1OMy8TIo6jaRQtI8zaxsOJNB,1,prod_PBJDVICHUNfwcI
ii_1OMy8QIo6jaRQtI8d3mcbNYX,"300,00",in_1OMy8PIo6jaRQtI8WR6JAvVy,1,prod_PBJCEWAWkv2XEs
ii_1OMy8QIo6jaRQtI8nvXJYolO,"300,00",in_1OMy8PIo6jaRQtI8WR6JAvVy,1,prod_PBJCEWAWkv2XEs
ii_1OMy8PIo6jaRQtI8TvsT7iJT,"300,00",in_1OMy8PIo6jaRQtI8WR6JAvVy,1,prod_PBJCEWAWkv2XEs
ii_1OMy8LIo6jaRQtI8axC1e52d,"100,00",in_1OMy8KIo6jaRQtI8Fnf7FUXo,1,prod_PBJDVICHUNfwcI
ii_1OMy8LIo6jaRQtI8EmryqJwK,"300,00",in_1OMy8KIo6jaRQtI8Fnf7FUXo,1,prod_PBJCEWAWkv2XEs
ii_1OMy8KIo6jaRQtI8ZeOGNuZ6,"300,00",in_1OMy8KIo6jaRQtI8Fnf7FUXo,1,prod_PBJCEWAWkv2XEs
ii_1OMy8HIo6jaRQtI8PKAGv2MN,"100,00",in_1OMy8GIo6jaRQtI84ZMA5HEt,1,prod_PBJDVICHUNfwcI
ii_1OMy8GIo6jaRQtI8rawHvzdn,"300,00",in_1OMy8GIo6jaRQtI84ZMA5HEt,1,prod_PBJCEWAWkv2XEs
ii_1OMy8GIo6jaRQtI83M2Kna2U,"150,00",in_1OMy8GIo6jaRQtI84ZMA5HEt,1,prod_PBJHrkOBiqsiMH
ii_1OMy8CIo6jaRQtI8Yjn3prVT,"100,00",in_1OMy8BIo6jaRQtI8Dy1Rlozd,1,prod_PBJDVICHUNfwcI
ii_1OMy8CIo6jaRQtI8uK5MzhX4,"150,00",in_1OMy8BIo6jaRQtI8Dy1Rlozd,1,prod_PBJHrkOBiqsiMH
ii_1OMy8BIo6jaRQtI8ZymmeVjA,"100,00",in_1OMy8BIo6jaRQtI8Dy1Rlozd,1,prod_PBJDVICHUNfwcI
ii_1OMy88Io6jaRQtI85YPAKIXv,"100,00",in_1OMy86Io6jaRQtI8j8NVqRu1,1,prod_PBJDVICHUNfwcI
ii_1OMy87Io6jaRQtI8Td5vyg8I,"300,00",in_1OMy86Io6jaRQtI8j8NVqRu1,1,prod_PBJCEWAWkv2XEs
ii_1OMy87Io6jaRQtI81meO8v7l,"150,00",in_1OMy86Io6jaRQtI8j8NVqRu1,1,prod_PBJHrkOBiqsiMH
ii_1OMy83Io6jaRQtI80IIXS6LW,"100,00",in_1OMy82Io6jaRQtI8MvLRgbwq,1,prod_PBJDVICHUNfwcI
ii_1OMy83Io6jaRQtI8HJBLM3Wc,"150,00",in_1OMy82Io6jaRQtI8MvLRgbwq,1,prod_PBJHrkOBiqsiMH
ii_1OMy82Io6jaRQtI8PNitVXFg,"150,00",in_1OMy82Io6jaRQtI8MvLRgbwq,1,prod_PBJHrkOBiqsiMH
ii_1OMy7yIo6jaRQtI8HaXga2i7,"150,00",in_1OMy7xIo6jaRQtI8knk6zts7,1,prod_PBJHrkOBiqsiMH
ii_1OMy7yIo6jaRQtI87Kxt90J0,"100,00",in_1OMy7xIo6jaRQtI8knk6zts7,1,prod_PBJDVICHUNfwcI
ii_1OMy7yIo6jaRQtI8AH07FL4z,"100,00",in_1OMy7xIo6jaRQtI8knk6zts7,1,prod_PBJDVICHUNfwcI
ii_1OMy7uIo6jaRQtI8B8PIIyqH,"100,00",in_1OMy7tIo6jaRQtI87JCwiwQ1,1,prod_PBJDVICHUNfwcI
ii_1OMy7uIo6jaRQtI8qGf8pZzd,"300,00",in_1OMy7tIo6jaRQtI87JCwiwQ1,1,prod_PBJCEWAWkv2XEs
ii_1OMy7tIo6jaRQtI8F9f7TRVy,"100,00",in_1OMy7tIo6jaRQtI87JCwiwQ1,1,prod_PBJDVICHUNfwcI
ii_1OMy7pIo6jaRQtI85WNUVtLm,"300,00",in_1OMy7oIo6jaRQtI8C3AEwsML,1,prod_PBJCEWAWkv2XEs
ii_1OMy7pIo6jaRQtI8Tpq8H9lu,"300,00",in_1OMy7oIo6jaRQtI8C3AEwsML,1,prod_PBJCEWAWkv2XEs
ii_1OMy7pIo6jaRQtI8wNMmLlSt,"100,00",in_1OMy7oIo6jaRQtI8C3AEwsML,1,prod_PBJDVICHUNfwcI
ii_1OMy7lIo6jaRQtI8b3JTrJ0S,"150,00",in_1OMy7kIo6jaRQtI8KA2yVjRR,1,prod_PBJHrkOBiqsiMH
ii_1OMy7lIo6jaRQtI8ncl3w0W0,"300,00",in_1OMy7kIo6jaRQtI8KA2yVjRR,1,prod_PBJCEWAWkv2XEs
ii_1OMy7kIo6jaRQtI8VETIAcNd,"300,00",in_1OMy7kIo6jaRQtI8KA2yVjRR,1,prod_PBJCEWAWkv2XEs
ii_1OMy7hIo6jaRQtI8qCNnZBDv,"150,00",in_1OMy7gIo6jaRQtI8Ut1lFKTH,1,prod_PBJHrkOBiqsiMH
ii_1OMy7gIo6jaRQtI8zJqu1coF,"100,00",in_1OMy7gIo6jaRQtI8Ut1lFKTH,1,prod_PBJDVICHUNfwcI
ii_1OMy7gIo6jaRQtI8dD9rIlyh,"100,00",in_1OMy7gIo6jaRQtI8Ut1lFKTH,1,prod_PBJDVICHUNfwcI
ii_1OMy7dIo6jaRQtI8mtEiSQ8K,"100,00",in_1OMy7bIo6jaRQtI8JFXG9fUE,1,prod_PBJDVICHUNfwcI
ii_1OMy7cIo6jaRQtI89AT0oS4U,"100,00",in_1OMy7bIo6jaRQtI8JFXG9fUE,1,prod_PBJDVICHUNfwcI
ii_1OMy7cIo6jaRQtI8AvsS2jyM,"100,00",in_1OMy7bIo6jaRQtI8JFXG9fUE,1,prod_PBJDVICHUNfwcI
ii_1OMy7YIo6jaRQtI8T3hefvp8,"100,00",in_1OMy7XIo6jaRQtI8Q1e8d26d,1,prod_PBJDVICHUNfwcI
ii_1OMy7YIo6jaRQtI83ENQYA2B,"100,00",in_1OMy7XIo6jaRQtI8Q1e8d26d,1,prod_PBJDVICHUNfwcI
ii_1OMy7XIo6jaRQtI8HSnFdr7K,"100,00",in_1OMy7XIo6jaRQtI8Q1e8d26d,1,prod_PBJDVICHUNfwcI
ii_1OMy7UIo6jaRQtI8qOYWD8xy,"150,00",in_1OMy7SIo6jaRQtI8Z72jnGaV,1,prod_PBJHrkOBiqsiMH
ii_1OMy7TIo6jaRQtI8s38DCbzm,"300,00",in_1OMy7SIo6jaRQtI8Z72jnGaV,1,prod_PBJCEWAWkv2XEs
ii_1OMy7TIo6jaRQtI8BWU57Og5,"150,00",in_1OMy7SIo6jaRQtI8Z72jnGaV,1,prod_PBJHrkOBiqsiMH
ii_1OMy7PIo6jaRQtI8rRdKcEIV,"300,00",in_1OMy7OIo6jaRQtI8nJqJwuwA,1,prod_PBJCEWAWkv2XEs
ii_1OMy7PIo6jaRQtI8DsUiOLGv,"300,00",in_1OMy7OIo6jaRQtI8nJqJwuwA,1,prod_PBJCEWAWkv2XEs
ii_1OMy7OIo6jaRQtI8fTBeiTkn,"300,00",in_1OMy7OIo6jaRQtI8nJqJwuwA,1,prod_PBJCEWAWkv2XEs
ii_1OMy7LIo6jaRQtI8OzVjlp66,"100,00",in_1OMy7KIo6jaRQtI8YmmcO5ic,1,prod_PBJDVICHUNfwcI
ii_1OMy7KIo6jaRQtI8rQeHvLOV,"300,00",in_1OMy7KIo6jaRQtI8YmmcO5ic,1,prod_PBJCEWAWkv2XEs
ii_1OMy7KIo6jaRQtI8jYFIYgCe,"100,00",in_1OMy7KIo6jaRQtI8YmmcO5ic,1,prod_PBJDVICHUNfwcI
ii_1OMy7HIo6jaRQtI80b435esr,"300,00",in_1OMy7FIo6jaRQtI8HnWXU1yD,1,prod_PBJCEWAWkv2XEs
ii_1OMy7GIo6jaRQtI8e6VOTvjR,"300,00",in_1OMy7FIo6jaRQtI8HnWXU1yD,1,prod_PBJCEWAWkv2XEs
ii_1OMy7GIo6jaRQtI8AK1zz4NQ,"150,00",in_1OMy7FIo6jaRQtI8HnWXU1yD,1,prod_PBJHrkOBiqsiMH
ii_1OMy7DIo6jaRQtI8axUru2Hz,"100,00",in_1OMy7BIo6jaRQtI8j1YF3fOM,1,prod_PBJDVICHUNfwcI
ii_1OMy7CIo6jaRQtI8tX9pgtNZ,"100,00",in_1OMy7BIo6jaRQtI8j1YF3fOM,1,prod_PBJDVICHUNfwcI
ii_1OMy7CIo6jaRQtI886KL8ZxF,"150,00",in_1OMy7BIo6jaRQtI8j1YF3fOM,1,prod_PBJHrkOBiqsiMH
ii_1OMy78Io6jaRQtI8RhtimezV,"150,00",in_1OMy77Io6jaRQtI8bVKIEHUB,1,prod_PBJHrkOBiqsiMH
ii_1OMy78Io6jaRQtI8EMvdCw8R,"150,00",in_1OMy77Io6jaRQtI8bVKIEHUB,1,prod_PBJHrkOBiqsiMH
ii_1OMy77Io6jaRQtI8N1hc3Av2,"100,00",in_1OMy77Io6jaRQtI8bVKIEHUB,1,prod_PBJDVICHUNfwcI
ii_1OMy73Io6jaRQtI8VWIr1YiU,"150,00",in_1OMy72Io6jaRQtI89u79fhBP,1,prod_PBJHrkOBiqsiMH
ii_1OMy73Io6jaRQtI89pgz4RJq,"100,00",in_1OMy72Io6jaRQtI89u79fhBP,1,prod_PBJDVICHUNfwcI
ii_1OMy73Io6jaRQtI8shiwqbD9,"300,00",in_1OMy72Io6jaRQtI89u79fhBP,1,prod_PBJCEWAWkv2XEs
ii_1OMy6zIo6jaRQtI8i7XirNMc,"300,00",in_1OMy6yIo6jaRQtI8dLszLKTu,1,prod_PBJCEWAWkv2XEs
ii_1OMy6zIo6jaRQtI8m6urKmCO,"150,00",in_1OMy6yIo6jaRQtI8dLszLKTu,1,prod_PBJHrkOBiqsiMH
ii_1OMy6zIo6jaRQtI83j3eDlei,"150,00",in_1OMy6yIo6jaRQtI8dLszLKTu,1,prod_PBJHrkOBiqsiMH
ii_1OMy6vIo6jaRQtI8cPU73e1j,"300,00",in_1OMy6uIo6jaRQtI8DpcfAknT,1,prod_PBJCEWAWkv2XEs
ii_1OMy6uIo6jaRQtI86kRC8vjW,"100,00",in_1OMy6uIo6jaRQtI8DpcfAknT,1,prod_PBJDVICHUNfwcI
ii_1OMy6uIo6jaRQtI8Xu9OuZBE,"150,00",in_1OMy6uIo6jaRQtI8DpcfAknT,1,prod_PBJHrkOBiqsiMH
ii_1OMy6qIo6jaRQtI8Fj04L3On,"100,00",in_1OMy6pIo6jaRQtI8u2hE3SWN,1,prod_PBJDVICHUNfwcI
ii_1OMy6qIo6jaRQtI82UnE2UcO,"100,00",in_1OMy6pIo6jaRQtI8u2hE3SWN,1,prod_PBJDVICHUNfwcI
ii_1OMy6qIo6jaRQtI8gOPofY9k,"150,00",in_1OMy6pIo6jaRQtI8u2hE3SWN,1,prod_PBJHrkOBiqsiMH
ii_1OMy6mIo6jaRQtI8Ne5WbPrE,"150,00",in_1OMy6lIo6jaRQtI8IdNpA8Hi,1,prod_PBJHrkOBiqsiMH
ii_1OMy6mIo6jaRQtI8sWYWyI9G,"150,00",in_1OMy6lIo6jaRQtI8IdNpA8Hi,1,prod_PBJHrkOBiqsiMH
ii_1OMy6lIo6jaRQtI866JcKafS,"300,00",in_1OMy6lIo6jaRQtI8IdNpA8Hi,1,prod_PBJCEWAWkv2XEs
ii_1OMy6iIo6jaRQtI8yvXeLWY2,"150,00",in_1OMy6gIo6jaRQtI8KLFzfODL,1,prod_PBJHrkOBiqsiMH
ii_1OMy6hIo6jaRQtI8XTF6UkUd,"300,00",in_1OMy6gIo6jaRQtI8KLFzfODL,1,prod_PBJCEWAWkv2XEs
ii_1OMy6hIo6jaRQtI8hS2azky0,"150,00",in_1OMy6gIo6jaRQtI8KLFzfODL,1,prod_PBJHrkOBiqsiMH
ii_1OMy6dIo6jaRQtI893N5F5ux,"300,00",in_1OMy6cIo6jaRQtI8N0rHNnL5,1,prod_PBJCEWAWkv2XEs
ii_1OMy6dIo6jaRQtI8hNCwDjHa,"300,00",in_1OMy6cIo6jaRQtI8N0rHNnL5,1,prod_PBJCEWAWkv2XEs
ii_1OMy6dIo6jaRQtI8o4nv6IgZ,"100,00",in_1OMy6cIo6jaRQtI8N0rHNnL5,1,prod_PBJDVICHUNfwcI
ii_1OMy6ZIo6jaRQtI826gbYjLy,"100,00",in_1OMy6YIo6jaRQtI8ErAN9YIk,1,prod_PBJDVICHUNfwcI
ii_1OMy6ZIo6jaRQtI81ujUDG4o,"100,00",in_1OMy6YIo6jaRQtI8ErAN9YIk,1,prod_PBJDVICHUNfwcI
ii_1OMy6YIo6jaRQtI8FpLUTW79,"300,00",in_1OMy6YIo6jaRQtI8ErAN9YIk,1,prod_PBJCEWAWkv2XEs
ii_1OMy6VIo6jaRQtI8vDglUj38,"150,00",in_1OMy6TIo6jaRQtI8jcJ7cxg4,1,prod_PBJHrkOBiqsiMH
ii_1OMy6UIo6jaRQtI8jFaw6DHg,"150,00",in_1OMy6TIo6jaRQtI8jcJ7cxg4,1,prod_PBJHrkOBiqsiMH
ii_1OMy6UIo6jaRQtI8GhZrwTzk,"100,00",in_1OMy6TIo6jaRQtI8jcJ7cxg4,1,prod_PBJDVICHUNfwcI
ii_1OMy6QIo6jaRQtI8aW0nj7WR,"150,00",in_1OMy6PIo6jaRQtI8YbSivKqt,1,prod_PBJHrkOBiqsiMH
ii_1OMy6QIo6jaRQtI8RnJX8ZFH,"150,00",in_1OMy6PIo6jaRQtI8YbSivKqt,1,prod_PBJHrkOBiqsiMH
ii_1OMy6QIo6jaRQtI8jdoWgMej,"100,00",in_1OMy6PIo6jaRQtI8YbSivKqt,1,prod_PBJDVICHUNfwcI
ii_1OMy6MIo6jaRQtI8PRWHHJ8K,"100,00",in_1OMy6LIo6jaRQtI8lzMNRoAL,1,prod_PBJDVICHUNfwcI
ii_1OMy6MIo6jaRQtI8UTwvbF2z,"100,00",in_1OMy6LIo6jaRQtI8lzMNRoAL,1,prod_PBJDVICHUNfwcI
ii_1OMy6LIo6jaRQtI8NVv66boD,"100,00",in_1OMy6LIo6jaRQtI8lzMNRoAL,1,prod_PBJDVICHUNfwcI
ii_1OMy6IIo6jaRQtI8PqsxQUl8,"100,00",in_1OMy6HIo6jaRQtI86hXNTefh,1,prod_PBJDVICHUNfwcI
ii_1OMy6IIo6jaRQtI8QaTnwFh0,"100,00",in_1OMy6HIo6jaRQtI86hXNTefh,1,prod_PBJDVICHUNfwcI
ii_1OMy6HIo6jaRQtI8kFioRtCs,"300,00",in_1OMy6HIo6jaRQtI86hXNTefh,1,prod_PBJCEWAWkv2XEs
ii_1OMy6EIo6jaRQtI82JSCrBOn,"150,00",in_1OMy6CIo6jaRQtI8E1chfVwW,1,prod_PBJHrkOBiqsiMH
ii_1OMy6DIo6jaRQtI8gH07TRgq,"100,00",in_1OMy6CIo6jaRQtI8E1chfVwW,1,prod_PBJDVICHUNfwcI
ii_1OMy6DIo6jaRQtI8ucKSxt1E,"100,00",in_1OMy6CIo6jaRQtI8E1chfVwW,1,prod_PBJDVICHUNfwcI
ii_1OMy69Io6jaRQtI8pAyOGKNc,"300,00",in_1OMy68Io6jaRQtI8wb3mOpvg,1,prod_PBJCEWAWkv2XEs
ii_1OMy69Io6jaRQtI87ktwHpnT,"300,00",in_1OMy68Io6jaRQtI8wb3mOpvg,1,prod_PBJCEWAWkv2XEs
ii_1OMy68Io6jaRQtI8QIzIgHye,"300,00",in_1OMy68Io6jaRQtI8wb3mOpvg,1,prod_PBJCEWAWkv2XEs
ii_1OMy65Io6jaRQtI8cHmF1jM6,"300,00",in_1OMy64Io6jaRQtI86bYXGiQV,1,prod_PBJCEWAWkv2XEs
ii_1OMy64Io6jaRQtI8lXtkbqmv,"150,00",in_1OMy64Io6jaRQtI86bYXGiQV,1,prod_PBJHrkOBiqsiMH
ii_1OMy64Io6jaRQtI8lu9LrGzC,"300,00",in_1OMy64Io6jaRQtI86bYXGiQV,1,prod_PBJCEWAWkv2XEs
ii_1OMy60Io6jaRQtI8bEK7hB3S,"150,00",in_1OMy5zIo6jaRQtI8BfoYn8BV,1,prod_PBJHrkOBiqsiMH
ii_1OMy60Io6jaRQtI8n3Fpp8Cy,"150,00",in_1OMy5zIo6jaRQtI8BfoYn8BV,1,prod_PBJHrkOBiqsiMH
ii_1OMy60Io6jaRQtI8EzDg2G04,"100,00",in_1OMy5zIo6jaRQtI8BfoYn8BV,1,prod_PBJDVICHUNfwcI
ii_1OMy5wIo6jaRQtI8Mr6cn6c4,"300,00",in_1OMy5vIo6jaRQtI8EnaxXoSJ,1,prod_PBJCEWAWkv2XEs
ii_1OMy5wIo6jaRQtI8liHwcoO6,"150,00",in_1OMy5vIo6jaRQtI8EnaxXoSJ,1,prod_PBJHrkOBiqsiMH
ii_1OMy5vIo6jaRQtI8jhj6f65Z,"100,00",in_1OMy5vIo6jaRQtI8EnaxXoSJ,1,prod_PBJDVICHUNfwcI
ii_1OMy5sIo6jaRQtI8xaJhGXOL,"150,00",in_1OMy5rIo6jaRQtI8K9XhA5lP,1,prod_PBJHrkOBiqsiMH
ii_1OMy5rIo6jaRQtI8pi0kdiPr,"150,00",in_1OMy5rIo6jaRQtI8K9XhA5lP,1,prod_PBJHrkOBiqsiMH
ii_1OMy5rIo6jaRQtI8p5V7pM0P,"300,00",in_1OMy5rIo6jaRQtI8K9XhA5lP,1,prod_PBJCEWAWkv2XEs
ii_1OMy5oIo6jaRQtI8T76cwy1P,"300,00",in_1OMy5nIo6jaRQtI8ktEHAzyE,1,prod_PBJCEWAWkv2XEs
ii_1OMy5nIo6jaRQtI8lENcZmnD,"300,00",in_1OMy5nIo6jaRQtI8ktEHAzyE,1,prod_PBJCEWAWkv2XEs
ii_1OMy5nIo6jaRQtI8ixAgNkSL,"150,00",in_1OMy5nIo6jaRQtI8ktEHAzyE,1,prod_PBJHrkOBiqsiMH
ii_1OMy5jIo6jaRQtI8IelrFhTN,"300,00",in_1OMy5iIo6jaRQtI8KAr2194w,1,prod_PBJCEWAWkv2XEs
ii_1OMy5jIo6jaRQtI8DsPQeLjA,"300,00",in_1OMy5iIo6jaRQtI8KAr2194w,1,prod_PBJCEWAWkv2XEs
ii_1OMy5jIo6jaRQtI8ZVsSZ0Cl,"150,00",in_1OMy5iIo6jaRQtI8KAr2194w,1,prod_PBJHrkOBiqsiMH
ii_1OMy5fIo6jaRQtI8g50BOnwM,"100,00",in_1OMy5dIo6jaRQtI83tRr6qsR,1,prod_PBJDVICHUNfwcI
ii_1OMy5eIo6jaRQtI8KoCRd5UN,"150,00",in_1OMy5dIo6jaRQtI83tRr6qsR,1,prod_PBJHrkOBiqsiMH
ii_1OMy5eIo6jaRQtI8SRlnT4xX,"300,00",in_1OMy5dIo6jaRQtI83tRr6qsR,1,prod_PBJCEWAWkv2XEs
ii_1OMy5aIo6jaRQtI8nOCw0EZe,"100,00",in_1OMy5ZIo6jaRQtI8vNboOtV5,1,prod_PBJDVICHUNfwcI
ii_1OMy5aIo6jaRQtI8ne2p3Ssi,"100,00",in_1OMy5ZIo6jaRQtI8vNboOtV5,1,prod_PBJDVICHUNfwcI
ii_1OMy5ZIo6jaRQtI8nTMyNTSt,"100,00",in_1OMy5ZIo6jaRQtI8vNboOtV5,1,prod_PBJDVICHUNfwcI
ii_1OMy5WIo6jaRQtI83Z9i7wFP,"100,00",in_1OMy5UIo6jaRQtI8XIsOv6nz,1,prod_PBJDVICHUNfwcI
ii_1OMy5VIo6jaRQtI8JSy9oWfG,"100,00",in_1OMy5UIo6jaRQtI8XIsOv6nz,1,prod_PBJDVICHUNfwcI
ii_1OMy5VIo6jaRQtI88ueq6iBZ,"300,00",in_1OMy5UIo6jaRQtI8XIsOv6nz,1,prod_PBJCEWAWkv2XEs
ii_1OMy5RIo6jaRQtI8SghJjIKy,"100,00",in_1OMy5QIo6jaRQtI8WYjsu7Xq,1,prod_PBJDVICHUNfwcI
ii_1OMy5RIo6jaRQtI84vVNCBYZ,"150,00",in_1OMy5QIo6jaRQtI8WYjsu7Xq,1,prod_PBJHrkOBiqsiMH
ii_1OMy5QIo6jaRQtI8FeVo6hn0,"300,00",in_1OMy5QIo6jaRQtI8WYjsu7Xq,1,prod_PBJCEWAWkv2XEs
ii_1OMy5NIo6jaRQtI8OaSu1phX,"150,00",in_1OMy5MIo6jaRQtI821JgcW3x,1,prod_PBJHrkOBiqsiMH
ii_1OMy5NIo6jaRQtI8QLIsaOMV,"300,00",in_1OMy5MIo6jaRQtI821JgcW3x,1,prod_PBJCEWAWkv2XEs
ii_1OMy5MIo6jaRQtI8gZ9DzWwZ,"300,00",in_1OMy5MIo6jaRQtI821JgcW3x,1,prod_PBJCEWAWkv2XEs
ii_1OMy5JIo6jaRQtI86oQaflIb,"150,00",in_1OMy5IIo6jaRQtI8wNxaGxQL,1,prod_PBJHrkOBiqsiMH
ii_1OMy5JIo6jaRQtI8z4HOA8RE,"100,00",in_1OMy5IIo6jaRQtI8wNxaGxQL,1,prod_PBJDVICHUNfwcI
ii_1OMy5IIo6jaRQtI8BxkhfwCE,"100,00",in_1OMy5IIo6jaRQtI8wNxaGxQL,1,prod_PBJDVICHUNfwcI
ii_1OMxNlIo6jaRQtI87esZxdz1,"150,00",in_1OMxNlIo6jaRQtI8xpbHPfm9,1,prod_PBJHrkOBiqsiMH
ii_1OMxNkIo6jaRQtI8jGu859ip,"100,00",in_1OMxNjIo6jaRQtI8uG8BowAw,1,prod_PBJDVICHUNfwcI
ii_1OMxNjIo6jaRQtI8aW0oP9zK,"300,00",in_1OMxNjIo6jaRQtI8uG8BowAw,1,prod_PBJCEWAWkv2XEs
ii_1OMxNiIo6jaRQtI8qhuU2OSR,"100,00",in_1OMxNgIo6jaRQtI8xGVwGJ2U,1,prod_PBJDVICHUNfwcI
ii_1OMxNhIo6jaRQtI8qzBjQFSV,"300,00",in_1OMxNgIo6jaRQtI8xGVwGJ2U,1,prod_PBJCEWAWkv2XEs
ii_1OMxNhIo6jaRQtI8nUoQeHGG,"300,00",in_1OMxNgIo6jaRQtI8xGVwGJ2U,1,prod_PBJCEWAWkv2XEs
ii_1OMxNfIo6jaRQtI8v8SMAM7j,"300,00",in_1OMxNfIo6jaRQtI8tthBb6fV,1,prod_PBJCEWAWkv2XEs
ii_1OMxNeIo6jaRQtI84egFXbJk,"300,00",in_1OMxNdIo6jaRQtI8NebgIype,1,prod_PBJCEWAWkv2XEs
ii_1OMxNdIo6jaRQtI8YmNYXGtC,"150,00",in_1OMxNdIo6jaRQtI8NebgIype,1,prod_PBJHrkOBiqsiMH
ii_1OMxNcIo6jaRQtI8j8aCOxFM,"100,00",in_1OMxNbIo6jaRQtI8keKygQnl,1,prod_PBJDVICHUNfwcI
ii_1OMxNbIo6jaRQtI86HG58vrH,"100,00",in_1OMxNbIo6jaRQtI8keKygQnl,1,prod_PBJDVICHUNfwcI
ii_1OMxNaIo6jaRQtI80xKAzgM7,"100,00",in_1OMxNZIo6jaRQtI89zHCtdlZ,1,prod_PBJDVICHUNfwcI
ii_1OMxNZIo6jaRQtI88H1MX1Bq,"100,00",in_1OMxNZIo6jaRQtI89zHCtdlZ,1,prod_PBJDVICHUNfwcI
ii_1OMxNYIo6jaRQtI8ZQqL0Qnw,"300,00",in_1OMxNXIo6jaRQtI81T99IMsc,1,prod_PBJCEWAWkv2XEs
ii_1OMxNXIo6jaRQtI8VEteLlus,"300,00",in_1OMxNXIo6jaRQtI81T99IMsc,1,prod_PBJCEWAWkv2XEs
ii_1OMxNWIo6jaRQtI86JhuDpl4,"300,00",in_1OMxNUIo6jaRQtI8boqO86qV,1,prod_PBJCEWAWkv2XEs
ii_1OMxNVIo6jaRQtI8euICKYo3,"100,00",in_1OMxNUIo6jaRQtI8boqO86qV,1,prod_PBJDVICHUNfwcI
ii_1OMxNVIo6jaRQtI8GUllmUa1,"300,00",in_1OMxNUIo6jaRQtI8boqO86qV,1,prod_PBJCEWAWkv2XEs
ii_1OMxNTIo6jaRQtI8aW2SZZTX,"150,00",in_1OMxNSIo6jaRQtI8znabDzBu,1,prod_PBJHrkOBiqsiMH
ii_1OMxNTIo6jaRQtI8CSDDhRCG,"100,00",in_1OMxNSIo6jaRQtI8znabDzBu,1,prod_PBJDVICHUNfwcI
ii_1OMxNRIo6jaRQtI8BShoTqrL,"150,00",in_1OMxNRIo6jaRQtI8onVJD9Hk,1,prod_PBJHrkOBiqsiMH
ii_1OMxNRIo6jaRQtI8cnimQ2Fv,"150,00",in_1OMxNRIo6jaRQtI8onVJD9Hk,1,prod_PBJHrkOBiqsiMH
ii_1OMxNPIo6jaRQtI85oj4Qlmo,"300,00",in_1OMxNPIo6jaRQtI84fUO5pl3,1,prod_PBJCEWAWkv2XEs
ii_1OMxNPIo6jaRQtI8TWO2Q0wh,"100,00",in_1OMxNPIo6jaRQtI84fUO5pl3,1,prod_PBJDVICHUNfwcI
ii_1OMxNNIo6jaRQtI8NELeUMd9,"300,00",in_1OMxNNIo6jaRQtI8aWWtRaOK,1,prod_PBJCEWAWkv2XEs
ii_1OMxNMIo6jaRQtI8PrloRHKy,"300,00",in_1OMxNLIo6jaRQtI832GFP7Xc,1,prod_PBJCEWAWkv2XEs
ii_1OMxNLIo6jaRQtI8MKQ57Ngl,"300,00",in_1OMxNLIo6jaRQtI832GFP7Xc,1,prod_PBJCEWAWkv2XEs
ii_1OMxNLIo6jaRQtI86502X8Zz,"150,00",in_1OMxNLIo6jaRQtI832GFP7Xc,1,prod_PBJHrkOBiqsiMH
ii_1OMxNJIo6jaRQtI8s1C7oP3l,"100,00",in_1OMxNIIo6jaRQtI87RzKwekA,1,prod_PBJDVICHUNfwcI
ii_1OMxNJIo6jaRQtI8yS5mA8hR,"300,00",in_1OMxNIIo6jaRQtI87RzKwekA,1,prod_PBJCEWAWkv2XEs
ii_1OMxNHIo6jaRQtI8L0JrfG4n,"150,00",in_1OMxNGIo6jaRQtI8U1TN6aIj,1,prod_PBJHrkOBiqsiMH
ii_1OMxNHIo6jaRQtI8VaRMec7V,"150,00",in_1OMxNGIo6jaRQtI8U1TN6aIj,1,prod_PBJHrkOBiqsiMH
ii_1OMxNFIo6jaRQtI8jkhI08xk,"300,00",in_1OMxNFIo6jaRQtI8NimRjYpH,1,prod_PBJCEWAWkv2XEs
ii_1OMxNEIo6jaRQtI8imCr9JuR,"150,00",in_1OMxNDIo6jaRQtI8GamsWcOt,1,prod_PBJHrkOBiqsiMH
ii_1OMxN7Io6jaRQtI8LVlRSCbn,"100,00",in_1OMxN7Io6jaRQtI85cvnrry2,1,prod_PBJDVICHUNfwcI
ii_1OMxN5Io6jaRQtI8LFxspwK5,"100,00",in_1OMxN2Io6jaRQtI8Zn17OZJf,1,prod_PBJDVICHUNfwcI
ii_1OMxN3Io6jaRQtI8O7vzLV3y,"100,00",in_1OMxN2Io6jaRQtI8Zn17OZJf,1,prod_PBJDVICHUNfwcI
ii_1OMxN1Io6jaRQtI8HCkDBkmS,"100,00",in_1OMxMyIo6jaRQtI8syJBvSfv,1,prod_PBJDVICHUNfwcI
ii_1OMxN0Io6jaRQtI89LlZxMfx,"150,00",in_1OMxMyIo6jaRQtI8syJBvSfv,1,prod_PBJHrkOBiqsiMH
ii_1OMxMzIo6jaRQtI88iWuR80x,"100,00",in_1OMxMyIo6jaRQtI8syJBvSfv,1,prod_PBJDVICHUNfwcI
ii_1OMxMxIo6jaRQtI8ynoBU0Zv,"100,00",in_1OMxMwIo6jaRQtI8DIEIbK06,1,prod_PBJDVICHUNfwcI
ii_1OMxMwIo6jaRQtI8cTNfTuRs,"300,00",in_1OMxMwIo6jaRQtI8DIEIbK06,1,prod_PBJCEWAWkv2XEs
ii_1OMxMvIo6jaRQtI8iqAiXH4v,"300,00",in_1OMxMuIo6jaRQtI8vMjRqPny,1,prod_PBJCEWAWkv2XEs
ii_1OMxMuIo6jaRQtI83c5jV0cE,"150,00",in_1OMxMuIo6jaRQtI8vMjRqPny,1,prod_PBJHrkOBiqsiMH
ii_1OMxMsIo6jaRQtI8e3P9Mfxt,"100,00",in_1OMxMrIo6jaRQtI8C0UZ97a7,1,prod_PBJDVICHUNfwcI
ii_1OMxMsIo6jaRQtI8KsohTMMv,"100,00",in_1OMxMrIo6jaRQtI8C0UZ97a7,1,prod_PBJDVICHUNfwcI
ii_1OMxMrIo6jaRQtI8IicGKO4S,"150,00",in_1OMxMrIo6jaRQtI8C0UZ97a7,1,prod_PBJHrkOBiqsiMH
ii_1OMxMqIo6jaRQtI8kXqjRPlq,"300,00",in_1OMxMoIo6jaRQtI8DYFaDdDp,1,prod_PBJCEWAWkv2XEs
ii_1OMxMpIo6jaRQtI88yJThMcr,"100,00",in_1OMxMoIo6jaRQtI8DYFaDdDp,1,prod_PBJDVICHUNfwcI
ii_1OMxMpIo6jaRQtI8dcVAxiVT,"150,00",in_1OMxMoIo6jaRQtI8DYFaDdDp,1,prod_PBJHrkOBiqsiMH
ii_1OMxMnIo6jaRQtI80p7DkUZ3,"300,00",in_1OMxMmIo6jaRQtI838gm4jdj,1,prod_PBJCEWAWkv2XEs
ii_1OMxMnIo6jaRQtI8WAEUm8AR,"300,00",in_1OMxMmIo6jaRQtI838gm4jdj,1,prod_PBJCEWAWkv2XEs
ii_1OMxMlIo6jaRQtI8tSdWV5o6,"300,00",in_1OMxMkIo6jaRQtI8cgEXvrZ8,1,prod_PBJCEWAWkv2XEs
ii_1OMxMlIo6jaRQtI81BZHPv1w,"150,00",in_1OMxMkIo6jaRQtI8cgEXvrZ8,1,prod_PBJHrkOBiqsiMH
ii_1OMxMjIo6jaRQtI8vGdkSP3G,"300,00",in_1OMxMiIo6jaRQtI8YZxzJYI5,1,prod_PBJCEWAWkv2XEs
ii_1OMxMjIo6jaRQtI8Lk9tr97T,"150,00",in_1OMxMiIo6jaRQtI8YZxzJYI5,1,prod_PBJHrkOBiqsiMH
ii_1OMxMhIo6jaRQtI8EOv7S6wP,"300,00",in_1OMxMhIo6jaRQtI8bAZKGUDo,1,prod_PBJCEWAWkv2XEs
ii_1OMxMgIo6jaRQtI8bZWmbNgX,"300,00",in_1OMxMfIo6jaRQtI8zLiMNTIQ,1,prod_PBJCEWAWkv2XEs
ii_1OMxMeIo6jaRQtI8ShDOHWz3,"100,00",in_1OMxMdIo6jaRQtI8vzbZxEdS,1,prod_PBJDVICHUNfwcI
ii_1OMxMcIo6jaRQtI8s7mfE6hl,"300,00",in_1OMxMcIo6jaRQtI8JC0d3B1U,1,prod_PBJCEWAWkv2XEs
ii_1OMxMbIo6jaRQtI8PhCOcK28,"100,00",in_1OMxMaIo6jaRQtI8xrZ8g8vm,1,prod_PBJDVICHUNfwcI
ii_1OMxMZIo6jaRQtI8NEEOGf6K,"100,00",in_1OMxMYIo6jaRQtI8CP0yHv5u,1,prod_PBJDVICHUNfwcI
ii_1OMxMZIo6jaRQtI8o2Qf1xe1,"300,00",in_1OMxMYIo6jaRQtI8CP0yHv5u,1,prod_PBJCEWAWkv2XEs
ii_1OMxMYIo6jaRQtI8F1EkqxmX,"100,00",in_1OMxMYIo6jaRQtI8CP0yHv5u,1,prod_PBJDVICHUNfwcI
ii_1OMxMXIo6jaRQtI81WcmSNU7,"100,00",in_1OMxMWIo6jaRQtI8CzoEENMH,1,prod_PBJDVICHUNfwcI
ii_1OMxMWIo6jaRQtI8exOJJ9NW,"100,00",in_1OMxMWIo6jaRQtI8CzoEENMH,1,prod_PBJDVICHUNfwcI
ii_1OMxMVIo6jaRQtI8r5CseYPC,"100,00",in_1OMxMUIo6jaRQtI8vmayN9la,1,prod_PBJDVICHUNfwcI
ii_1OMxMTIo6jaRQtI8y8xgrf7R,"150,00",in_1OMxMTIo6jaRQtI88ZVernEb,1,prod_PBJHrkOBiqsiMH
ii_1OMxMSIo6jaRQtI8fPd4M8c8,"150,00",in_1OMxMRIo6jaRQtI8xabDOjEJ,1,prod_PBJHrkOBiqsiMH
ii_1OMxMQIo6jaRQtI8RbKTfd8t,"300,00",in_1OMxMQIo6jaRQtI8YJ6kBHoj,1,prod_PBJCEWAWkv2XEs
ii_1OMxMOIo6jaRQtI8WIb8woGJ,"100,00",in_1OMxMOIo6jaRQtI8LSmO41Qq,1,prod_PBJDVICHUNfwcI
ii_1OMxMOIo6jaRQtI83HGUgGZD,"150,00",in_1OMxMOIo6jaRQtI8LSmO41Qq,1,prod_PBJHrkOBiqsiMH
ii_1OMxMMIo6jaRQtI8VodyGiIe,"150,00",in_1OMxMLIo6jaRQtI85XluvGqa,1,prod_PBJHrkOBiqsiMH
ii_1OMxMMIo6jaRQtI869d42oUZ,"300,00",in_1OMxMLIo6jaRQtI85XluvGqa,1,prod_PBJCEWAWkv2XEs
ii_1OMxMKIo6jaRQtI8so26YRev,"300,00",in_1OMxMJIo6jaRQtI8qsgTOfue,1,prod_PBJCEWAWkv2XEs
ii_1OMxMKIo6jaRQtI8dpCXIEql,"300,00",in_1OMxMJIo6jaRQtI8qsgTOfue,1,prod_PBJCEWAWkv2XEs
ii_1OMxMJIo6jaRQtI8BR3Y3Iy9,"300,00",in_1OMxMJIo6jaRQtI8qsgTOfue,1,prod_PBJCEWAWkv2XEs
ii_1OMxMIIo6jaRQtI8HtDBCN9E,"150,00",in_1OMxMHIo6jaRQtI8a6X6n1j0,1,prod_PBJHrkOBiqsiMH
ii_1OMxMHIo6jaRQtI8GKdKDFXy,"100,00",in_1OMxMHIo6jaRQtI8a6X6n1j0,1,prod_PBJDVICHUNfwcI
ii_1OMxMFIo6jaRQtI8LqutuL9P,"100,00",in_1OMxMFIo6jaRQtI87mTfUYEG,1,prod_PBJDVICHUNfwcI
ii_1OMxMFIo6jaRQtI8M1Lr6YtZ,"300,00",in_1OMxMFIo6jaRQtI87mTfUYEG,1,prod_PBJCEWAWkv2XEs
ii_1OMxMDIo6jaRQtI8RNFHSXgc,"100,00",in_1OMxMDIo6jaRQtI8nl5JSNnV,1,prod_PBJDVICHUNfwcI
ii_1OMxMCIo6jaRQtI8CqHjPZie,"150,00",in_1OMxMBIo6jaRQtI8iASkSaj5,1,prod_PBJHrkOBiqsiMH
ii_1OMxMAIo6jaRQtI8qHlchAKk,"150,00",in_1OMxMAIo6jaRQtI84IFnbH7Q,1,prod_PBJHrkOBiqsiMH
ii_1OMxM8Io6jaRQtI8gmZ725hz,"300,00",in_1OMxM8Io6jaRQtI8d8U2iLkS,1,prod_PBJCEWAWkv2XEs
ii_1OMxM8Io6jaRQtI8AOiiEn78,"300,00",in_1OMxM8Io6jaRQtI8d8U2iLkS,1,prod_PBJCEWAWkv2XEs
ii_1OMxM6Io6jaRQtI8pjGdIK6Z,"300,00",in_1OMxM5Io6jaRQtI8bEZxm2fs,1,prod_PBJCEWAWkv2XEs
ii_1OMxM6Io6jaRQtI8Y8YL2r1d,"100,00",in_1OMxM5Io6jaRQtI8bEZxm2fs,1,prod_PBJDVICHUNfwcI
ii_1OMxM5Io6jaRQtI8uyfY8CGw,"150,00",in_1OMxM5Io6jaRQtI8bEZxm2fs,1,prod_PBJHrkOBiqsiMH
ii_1OMxM4Io6jaRQtI8nA30CVho,"100,00",in_1OMxM2Io6jaRQtI8RYdTgCC1,1,prod_PBJDVICHUNfwcI
ii_1OMxM3Io6jaRQtI81GiWeanl,"150,00",in_1OMxM2Io6jaRQtI8RYdTgCC1,1,prod_PBJHrkOBiqsiMH
ii_1OMxM3Io6jaRQtI80ESE5SG0,"100,00",in_1OMxM2Io6jaRQtI8RYdTgCC1,1,prod_PBJDVICHUNfwcI
ii_1OMxJtIo6jaRQtI81qiauO6S,"300,00",in_1OMxJtIo6jaRQtI824kEIbQ9,1,prod_PBJCEWAWkv2XEs
ii_1OMxJrIo6jaRQtI8MFfI5z8u,"100,00",in_1OMxJqIo6jaRQtI8btiqflnR,1,prod_PBJDVICHUNfwcI
ii_1OMxJrIo6jaRQtI8sC8j8L5C,"100,00",in_1OMxJqIo6jaRQtI8btiqflnR,1,prod_PBJDVICHUNfwcI
ii_1OMxJpIo6jaRQtI8KGVts3pR,"150,00",in_1OMxJoIo6jaRQtI8wYTKmwmX,1,prod_PBJHrkOBiqsiMH
ii_1OMxJpIo6jaRQtI8gY0h48Jo,"100,00",in_1OMxJoIo6jaRQtI8wYTKmwmX,1,prod_PBJDVICHUNfwcI
